Feature,MI_Score
trip_Auxins_PEG_x_Trehalose_div_Potassium_PEG,0.16837821633803607
trip_Biofilm_PEG_x_Antioxidants_div_Zinc,0.1627223914281788
trip_Biofilm_x_Auxins_PEG_div_Zinc,0.1572117315819057
trip_Biofilm_x_Auxins_PEG_div_Manganese,0.15456562720773492
trip_Proline_x_Proline_PEG_div_Calcium,0.15410149843228593
trip_ACC_PEG_x_Silica_div_Zinc,0.15172823325660123
trip_Biofilm_div_Auxins_x_Proline,0.15152306208368826
trip_Auxins_PEG_x_Trehalose_div_Zinc,0.15069302294719744
trip_Auxins_PEG_div_Calcium_x_Zinc,0.1466747157636299
trip_Auxins_PEG_div_Manganese_x_Zinc,0.14613217621960506
trip_Auxins_PEG_div_Calcium_x_Polyamines,0.1459148565110615
trip_Auxins_PEG_div_Manganese_x_Calcium,0.14293210980328208
trip_Auxins_PEG_div_Polyamines_x_Zinc,0.1373334144974565
trip_Auxins_x_ACC_div_Nitrogen_PEG,0.1364485868277614
trip_Silica_div_Polyamines_x_Zinc,0.1353260198785815
trip_Auxins_PEG_div_Glycine_Betaine_x_Zinc,0.1352344526854965
trip_Proline_div_Nitrogen_PEG_x_Potassium,0.13392471061436906
trip_ACC_PEG_x_Antioxidants_div_Nitrogen_PEG,0.1321741314444349
trip_Proline_PEG_x_Phosphate_div_Zinc,0.1317692272088853
trip_Auxins_PEG_div_Glycine_Betaine_x_Manganese,0.13044809551536285
trip_Auxins_PEG_x_Nitrogen_PEG_div_Glycine_Betaine,0.13030308582338934
trip_Auxins_PEG_div_Trehalose_PEG_x_Calcium,0.13026390799720988
trip_Auxins_PEG_div_Proline_PEG_x_Potassium,0.1300428845551238
trip_Auxins_PEG_div_Glycine_Betaine_x_Calcium,0.12905223967341195
trip_Auxins_PEG_div_Antioxidants_x_Calcium,0.12776634955207067
trip_Auxins_PEG_div_Nitrogen_PEG_x_Calcium,0.12742367159435464
trip_Nitrogen_PEG_div_Potassium_x_Glycine_Betaine,0.12639662042498845
trip_Auxins_x_ACC_div_Glycine_Betaine,0.12603349788444662
trip_Auxins_x_Trehalose_PEG_div_Antioxidants,0.12356051953978908
trip_Auxins_PEG_x_ACC_PEG_div_Proline,0.12319784787137711
trip_Biofilm_div_ACC_x_Antioxidants_PEG,0.12254874010059003
trip_Proline_PEG_div_Antioxidants_x_Potassium,0.12247238605720567
trip_ACC_PEG_div_Phosphate_x_Calcium,0.12242679992290961
trip_Auxins_PEG_div_ACC_x_Nitrogen_PEG,0.12222807391773238
trip_Trehalose_PEG_div_Proline_PEG_x_Glycine_Betaine,0.12185525466445779
trip_Biofilm_PEG_x_Antioxidants_div_Manganese,0.12155481124850165
trip_Auxins_PEG_div_Antioxidants_x_Zinc,0.12049233995951236
trip_Auxins_PEG_div_Silica_x_Zinc,0.12030240975422735
trip_Trehalose_PEG_x_Antioxidants_div_Phosphate,0.11979318801510441
trip_ACC_PEG_div_Manganese_x_Calcium,0.11939958520214722
trip_Biofilm_div_Auxins_x_ACC_PEG,0.11889596695659299
trip_Biofilm_PEG_x_Antioxidants_div_Nitrogen,0.11883183977553058
trip_Glycine_Betaine_x_Manganese_div_Calcium,0.11785726551466569
trip_ACC_PEG_x_Proline_PEG_div_Antioxidants,0.11748525848943325
trip_Trehalose_PEG_x_Antioxidants_div_Glycine_Betaine,0.11721239067624256
trip_Auxins_PEG_div_Antioxidants_PEG_x_Zinc,0.11719022093158693
trip_Auxins_div_Trehalose_PEG_x_Proline,0.1170039488703154
trip_Auxins_x_Potassium_PEG_div_Manganese,0.1169587352814585
trip_Auxins_PEG_div_Proline_x_Zinc,0.1162971623772382
trip_Auxins_div_ACC_x_ACC_PEG,0.11616997431124543
trip_Auxins_PEG_div_Trehalose_PEG_x_Zinc,0.11611795090770394
trip_Biofilm_PEG_x_Proline_div_Calcium,0.11571328577468609
trip_Auxins_PEG_div_Phosphate_x_Zinc,0.11550292972816689
trip_Trehalose_PEG_x_Proline_div_Potassium,0.11530259572209323
trip_ACC_PEG_div_Manganese_x_Zinc,0.11485500343982347
trip_Auxins_PEG_div_Potassium_x_Zinc,0.11428103334497997
trip_Auxins_x_Potassium_PEG_div_Zinc,0.11354842471389004
trip_Auxins_div_Antioxidants_x_Potassium_PEG,0.11311738174252395
trip_ACC_x_Antioxidants_div_Calcium,0.11292820123556924
trip_Auxins_PEG_div_Potassium_PEG_x_Calcium,0.11272905380438569
trip_Auxins_PEG_x_Nitrogen_PEG_div_Calcium,0.11156792774406643
trip_Biofilm_x_Trehalose_div_Calcium,0.11128229926228062
trip_Auxins_PEG_div_Silica_x_Manganese,0.11055600284101219
trip_Manganese_div_Polyamines_x_Zinc,0.11042485780480638
trip_Auxins_PEG_div_Nitrogen_x_Zinc,0.11011436667831331
trip_Auxins_PEG_div_ACC_x_Zinc,0.11005327185915403
trip_Auxins_PEG_div_Potassium_PEG_x_Zinc,0.10993515520877928
trip_Auxins_PEG_div_Nitrogen_PEG_x_Zinc,0.10949137526428765
trip_Auxins_PEG_div_ACC_PEG_x_Zinc,0.10938122884840151
trip_Auxins_PEG_div_ACC_PEG_x_Calcium,0.10909536999399427
trip_Proline_PEG_x_Phosphate_div_Calcium,0.10891838853143399
trip_Auxins_PEG_div_Nitrogen_x_Calcium,0.10881115600010305
trip_Auxins_PEG_div_Manganese_x_Polyamines,0.10793263347316073
trip_Auxins_PEG_div_Trehalose_x_Zinc,0.10791902617652127
trip_Biofilm_x_Proline_PEG_div_Zinc,0.10725509886411211
trip_Auxins_PEG_div_Phosphate_x_Calcium,0.10705413166243338
trip_Auxins_PEG_div_Trehalose_x_Manganese,0.10688050376703151
trip_Auxins_PEG_div_Glycine_Betaine_x_Silica,0.10656476558364592
trip_Biofilm_PEG_div_Auxins_PEG_x_Antioxidants_PEG,0.10542740147189855
trip_Auxins_PEG_div_Phosphate_x_Manganese,0.10542711844267805
trip_Auxins_PEG_div_ACC_x_Manganese,0.10537271496085521
trip_Auxins_PEG_div_ACC_x_Calcium,0.10478760338784054
trip_ACC_x_Glycine_Betaine_div_Calcium,0.10461835472007741
trip_Biofilm_x_ACC_PEG_div_Antioxidants,0.10432825420339653
trip_ACC_div_Phosphate_x_Calcium,0.10390567051468347
trip_Trehalose_x_Potassium_PEG_div_Calcium,0.10380917663854072
trip_Auxins_PEG_div_Nitrogen_PEG_x_Manganese,0.10331498326602673
trip_ACC_PEG_x_Proline_PEG_div_Zinc,0.10326092336851356
trip_Auxins_PEG_div_Glycine_Betaine_x_Polyamines,0.10314134747213499
trip_Auxins_PEG_div_Proline_PEG_x_Zinc,0.10245307635573297
trip_Auxins_x_Nitrogen_div_Nitrogen_PEG,0.10244769748413018
trip_ACC_PEG_x_Proline_PEG_div_Calcium,0.10230547613229368
trip_Auxins_PEG_x_Proline_div_Calcium,0.10196754828481569
trip_ACC_x_Potassium_PEG_div_Silica,0.10179805590706903
trip_Biofilm_x_Auxins_PEG_div_Calcium,0.10151890089594096
trip_ACC_PEG_div_Trehalose_PEG_x_Potassium,0.10136012018687501
trip_Auxins_PEG_div_Proline_x_Manganese,0.10112924337867413
trip_ACC_PEG_div_Antioxidants_x_Calcium,0.10035897079862899
trip_ACC_div_ACC_PEG_x_Trehalose_PEG,0.1000415239086021
trip_Auxins_PEG_div_Proline_PEG_x_Calcium,0.09993620478644183
trip_Proline_x_Antioxidants_PEG_div_Phosphate,0.09958380510410869
trip_Trehalose_PEG_div_Phosphate_x_Potassium,0.09944910557424813
trip_Biofilm_PEG_div_Trehalose_PEG_x_Polyamines,0.09911928306700624
trip_Auxins_x_ACC_PEG_div_Nitrogen,0.09832670646797781
trip_Trehalose_PEG_x_Nitrogen_PEG_div_Potassium_PEG,0.09819912347749149
trip_Auxins_PEG_div_Antioxidants_PEG_x_Calcium,0.09804128071409846
trip_Auxins_PEG_div_Potassium_PEG_x_Manganese,0.09722179330186886
trip_Biofilm_PEG_div_Auxins_x_Phosphate,0.09691131419632382
trip_Biofilm_x_Auxins_PEG_div_Nitrogen_PEG,0.09648488203589878
trip_Antioxidants_x_Phosphate_div_Calcium,0.09620922106907104
trip_Biofilm_PEG_x_Silica_div_Calcium,0.09610620532669856
trip_Auxins_PEG_x_Nitrogen_PEG_div_Silica,0.0957812008982788
trip_Auxins_PEG_div_Proline_PEG_x_Potassium_PEG,0.0954793273706609
trip_Auxins_PEG_div_Antioxidants_x_Manganese,0.09513205955890958
trip_Auxins_x_Auxins_PEG_div_Antioxidants,0.09505996543439599
trip_Auxins_PEG_x_Trehalose_div_Manganese,0.09500771363285576
trip_Proline_div_Phosphate_x_Calcium,0.09455337406561282
trip_Auxins_div_Antioxidants_x_Nitrogen,0.09445820713576891
trip_Auxins_x_ACC_div_Polyamines,0.09408363770878014
trip_Auxins_PEG_div_Proline_x_Calcium,0.09394620464321601
trip_Biofilm_PEG_x_Antioxidants_div_Potassium,0.09343283242087796
trip_Auxins_PEG_div_Antioxidants_PEG_x_Manganese,0.09324713892398884
trip_Proline_div_Potassium_x_Glycine_Betaine,0.09303598464499774
trip_ACC_PEG_x_Proline_div_Calcium,0.09253556002218244
trip_ACC_PEG_div_Calcium_x_Zinc,0.09234825391694468
trip_Auxins_x_Trehalose_PEG_div_Calcium,0.09199902876933241
trip_Auxins_PEG_div_Trehalose_x_Calcium,0.09199792561358033
trip_Proline_div_Antioxidants_PEG_x_Potassium_PEG,0.09163071428811476
trip_ACC_div_Phosphate_x_Potassium_PEG,0.09160080468159215
trip_Biofilm_PEG_x_Antioxidants_div_Calcium,0.0914362850614272
trip_Auxins_PEG_div_Phosphate_x_Glycine_Betaine,0.09126518599919953
trip_Biofilm_PEG_x_ACC_PEG_div_Phosphate,0.09109951056668297
trip_Trehalose_PEG_x_Proline_PEG_div_Silica,0.09075734930184609
trip_Trehalose_div_Antioxidants_x_Nitrogen,0.0905499178444149
trip_Antioxidants_PEG_div_Silica_x_Zinc,0.09043645603740513
trip_Phosphate_x_Calcium_div_Polyamines,0.09031306582862553
trip_ACC_PEG_div_Antioxidants_PEG_x_Potassium_PEG,0.09012303737721195
trip_Proline_div_Potassium_x_Calcium,0.08980827597374064
trip_Trehalose_x_Proline_div_Zinc,0.08972233711289701
trip_Auxins_PEG_div_Potassium_x_Manganese,0.0883161156461918
trip_Proline_PEG_div_Antioxidants_PEG_x_Nitrogen,0.08807880025232961
trip_Biofilm_x_Auxins_div_Phosphate,0.08806849552908913
trip_Auxins_PEG_div_Silica_x_Calcium,0.08748313037297861
trip_Proline_div_Antioxidants_PEG_x_Silica,0.08743631997275214
trip_Biofilm_PEG_div_ACC_PEG_x_Potassium,0.08712269990106813
trip_Glycine_Betaine_div_Silica_x_Calcium,0.08693114392328405
trip_Biofilm_PEG_div_Trehalose_x_Antioxidants,0.08690293429349394
trip_ACC_PEG_div_Nitrogen_x_Nitrogen_PEG,0.08689917790335233
trip_Proline_PEG_x_Phosphate_div_Silica,0.08676497861118326
trip_Trehalose_x_Potassium_PEG_div_Manganese,0.08655897151475922
trip_ACC_PEG_div_Proline_PEG_x_Antioxidants_PEG,0.08618279162725617
trip_ACC_PEG_div_Potassium_x_Calcium,0.08598094291253666
trip_Proline_div_Nitrogen_x_Calcium,0.08595762393760475
trip_Auxins_PEG_div_Proline_PEG_x_Manganese,0.08580075466308856
trip_ACC_x_Nitrogen_div_Potassium_PEG,0.08566640529961189
trip_Biofilm_PEG_x_Antioxidants_div_Polyamines,0.08560036470937793
trip_Auxins_PEG_x_Trehalose_div_Silica,0.08557961932572944
trip_Nitrogen_PEG_div_Phosphate_x_Glycine_Betaine,0.08539420227598571
trip_Auxins_x_Trehalose_PEG_div_Polyamines,0.08520886552755669
trip_Auxins_x_ACC_div_Zinc,0.08508440441519172
trip_Auxins_PEG_div_ACC_PEG_x_Manganese,0.08479589035177271
trip_Auxins_PEG_div_Potassium_x_Calcium,0.08455118657884308
trip_Auxins_PEG_div_Trehalose_PEG_x_Manganese,0.08447537753125989
trip_ACC_div_Phosphate_x_Potassium,0.08439263426777632
trip_Auxins_x_Nitrogen_div_Phosphate,0.08429895554506572
trip_ACC_PEG_div_Proline_PEG_x_Calcium,0.08418083889469075
trip_Biofilm_x_Auxins_PEG_div_Antioxidants_PEG,0.08382492240974226
trip_Biofilm_PEG_div_Potassium_x_Polyamines,0.08375012041961782
trip_Proline_PEG_div_Antioxidants_x_Potassium_PEG,0.08351268983944471
trip_Trehalose_PEG_x_Antioxidants_div_Antioxidants_PEG,0.08321975920377223
trip_Proline_PEG_x_Antioxidants_div_Calcium,0.08265093958253322
trip_ACC_PEG_div_Glycine_Betaine_x_Zinc,0.0824049266349074
trip_Biofilm_PEG_x_Auxins_div_Polyamines,0.08225809765743342
trip_Proline_PEG_div_Antioxidants_x_Glycine_Betaine,0.08220660345271358
trip_Biofilm_div_Auxins_x_Trehalose_PEG,0.08209477531669163
trip_ACC_div_Proline_PEG_x_Phosphate,0.08199207783496232
trip_Biofilm_div_Trehalose_x_Polyamines,0.08166887952789281
trip_Trehalose_x_Antioxidants_div_Potassium,0.08155684998037915
trip_Auxins_div_Antioxidants_x_Phosphate,0.08150036524647497
trip_Auxins_PEG_div_Nitrogen_x_Manganese,0.08144798377805951
trip_ACC_x_Manganese_div_Polyamines,0.08138665726986383
trip_Manganese_x_Calcium_div_Polyamines,0.08137376693439302
trip_Biofilm_div_Antioxidants_x_Nitrogen_PEG,0.08133957963739769
trip_Auxins_x_Auxins_PEG_div_Potassium_PEG,0.0811272616475649
trip_ACC_PEG_x_Proline_PEG_div_Manganese,0.08109520825924998
trip_Auxins_div_Trehalose_x_Phosphate,0.08104201982845205
trip_Trehalose_x_Potassium_PEG_div_Zinc,0.0810044756732613
trip_Biofilm_PEG_x_Trehalose_PEG_div_Phosphate,0.08096123144121226
trip_Antioxidants_x_Calcium_div_Zinc,0.08091583552888082
trip_Auxins_x_Proline_div_Antioxidants,0.0807187991423286
trip_ACC_x_Trehalose_PEG_div_Calcium,0.07986338215787936
trip_Auxins_PEG_x_Antioxidants_div_Calcium,0.07985476622184384
trip_Auxins_PEG_x_Silica_div_Manganese,0.07980674077059269
trip_Biofilm_x_Trehalose_PEG_div_Calcium,0.07956098767635522
trip_Auxins_PEG_x_Antioxidants_div_Manganese,0.0794969251381965
trip_Auxins_PEG_x_Trehalose_div_Glycine_Betaine,0.07934172639428771
trip_Proline_PEG_x_Phosphate_div_Polyamines,0.07877627482077187
trip_Auxins_PEG_div_Potassium_x_Silica,0.07867709085062047
trip_Trehalose_x_Potassium_div_Potassium_PEG,0.07863325028258594
trip_Antioxidants_PEG_div_Nitrogen_x_Phosphate,0.07844945110685142
trip_Antioxidants_PEG_x_Manganese_div_Calcium,0.07841706861479181
trip_Biofilm_x_Biofilm_PEG_div_Trehalose_PEG,0.07827273490190945
trip_Auxins_x_Potassium_PEG_div_Glycine_Betaine,0.07822252749283076
trip_Trehalose_div_Antioxidants_x_Phosphate,0.07818848565969039
trip_Trehalose_PEG_div_Nitrogen_x_Phosphate,0.07817763510922915
trip_Proline_div_Silica_x_Calcium,0.07794305785852251
trip_Manganese_x_Calcium_div_Zinc,0.07791003756340542
trip_Nitrogen_x_Nitrogen_PEG_div_Glycine_Betaine,0.07784074082072201
trip_Trehalose_x_Nitrogen_div_Potassium,0.07780262929067505
trip_Biofilm_div_Proline_PEG_x_Nitrogen,0.07778060830091182
trip_Trehalose_PEG_div_Antioxidants_x_Glycine_Betaine,0.07762940882570857
trip_Trehalose_PEG_x_Antioxidants_PEG_div_Silica,0.0776149809175426
trip_ACC_PEG_div_Trehalose_x_Calcium,0.07752239876850853
trip_Proline_div_Glycine_Betaine_x_Calcium,0.07733519797646915
trip_Auxins_PEG_x_Potassium_div_Potassium_PEG,0.0770799648583329
trip_ACC_PEG_div_Proline_x_Potassium_PEG,0.0769930669891774
trip_Proline_div_Potassium_x_Silica,0.0769107344471669
trip_Antioxidants_x_Phosphate_div_Potassium_PEG,0.07681629154556124
trip_Trehalose_PEG_div_Potassium_x_Glycine_Betaine,0.07678764306458796
trip_Biofilm_PEG_x_Auxins_div_Silica,0.0765410212750346
trip_Auxins_PEG_x_Antioxidants_div_Potassium,0.07653205846365241
trip_Auxins_x_ACC_div_Antioxidants,0.07651285723477352
trip_Glycine_Betaine_div_Polyamines_x_Zinc,0.07584366755348726
trip_Biofilm_PEG_x_Antioxidants_div_Nitrogen_PEG,0.07582597691079673
trip_Auxins_PEG_div_Trehalose_x_Antioxidants,0.07567149429663611
trip_Biofilm_x_Auxins_PEG_div_Potassium,0.0756647030849742
trip_Antioxidants_x_Phosphate_div_Potassium,0.07561918325642236
trip_ACC_div_Proline_x_Nitrogen_PEG,0.07556955770276441
trip_Trehalose_PEG_div_Proline_x_Calcium,0.07553457924036677
trip_Proline_x_Proline_PEG_div_Zinc,0.07543450010802966
trip_Auxins_div_ACC_PEG_x_Phosphate,0.07540898798574314
trip_Proline_x_Calcium_div_Zinc,0.07529154270700755
trip_ACC_div_Trehalose_PEG_x_Proline_PEG,0.07528479542203437
trip_Biofilm_x_Auxins_PEG_div_Glycine_Betaine,0.0751930044384026
trip_Biofilm_x_Antioxidants_div_Calcium,0.07512134999649223
trip_Auxins_x_Potassium_PEG_div_Polyamines,0.07499002970388169
trip_Biofilm_PEG_x_Calcium_div_Polyamines,0.07480944192248717
trip_Auxins_x_Proline_div_Antioxidants_PEG,0.07478151286229995
trip_Antioxidants_PEG_div_Glycine_Betaine_x_Zinc,0.07468542839121617
trip_Phosphate_x_Manganese_div_Zinc,0.07463823096498623
trip_Biofilm_PEG_div_ACC_PEG_x_Proline_PEG,0.07462171522266381
trip_Auxins_PEG_x_Antioxidants_PEG_div_Glycine_Betaine,0.0744922523915883
trip_Proline_PEG_x_Nitrogen_PEG_div_Calcium,0.07445351424801139
trip_Biofilm_PEG_x_Auxins_PEG_div_Proline,0.07405897151475882
trip_ACC_PEG_x_Proline_div_Potassium,0.07395240245657675
trip_Biofilm_PEG_x_Proline_div_Silica,0.07392778549647594
trip_Proline_PEG_x_Potassium_div_Calcium,0.07389467568514085
trip_Biofilm_PEG_x_Calcium_div_Zinc,0.07380257468578133
trip_Auxins_PEG_x_Potassium_PEG_div_Polyamines,0.07351531714045922
trip_Biofilm_div_Antioxidants_PEG_x_Potassium,0.07340557025651862
trip_Auxins_div_ACC_x_Potassium_PEG,0.07325833845606144
trip_Auxins_x_Auxins_PEG_div_Polyamines,0.0732015180363379
trip_Trehalose_x_Proline_div_Manganese,0.07308892901245856
trip_Proline_div_Nitrogen_x_Silica,0.07307368887625043
trip_Biofilm_div_Antioxidants_x_Phosphate,0.07306352878544531
trip_ACC_x_Antioxidants_div_Zinc,0.07299775674386666
trip_Biofilm_div_ACC_x_Polyamines,0.07274883451913783
trip_Biofilm_PEG_x_ACC_div_Phosphate,0.07243727332047989
trip_Proline_div_Proline_PEG_x_Calcium,0.07203906042226693
trip_Proline_PEG_x_Nitrogen_PEG_div_Silica,0.07194896234829828
trip_Trehalose_div_Nitrogen_PEG_x_Potassium_PEG,0.07186930871076957
trip_ACC_x_Trehalose_PEG_div_Potassium,0.07156883172623174
trip_ACC_PEG_x_Antioxidants_div_Calcium,0.0715494514649162
trip_Antioxidants_PEG_div_Polyamines_x_Zinc,0.07140521845778025
trip_Auxins_x_Nitrogen_div_Potassium_PEG,0.0713890384012772
trip_Biofilm_PEG_x_ACC_div_Antioxidants,0.07116860471310171
trip_Auxins_PEG_x_Trehalose_PEG_div_Antioxidants,0.07113013511818056
trip_ACC_div_Proline_PEG_x_Nitrogen_PEG,0.07100553644045093
trip_Auxins_x_Trehalose_PEG_div_Antioxidants_PEG,0.07099861341407832
trip_Antioxidants_PEG_x_Phosphate_div_Manganese,0.0709211147478701
trip_Biofilm_PEG_div_Antioxidants_x_Antioxidants_PEG,0.07079167429584898
trip_Potassium_x_Glycine_Betaine_div_Zinc,0.07070535828211377
trip_ACC_x_Potassium_PEG_div_Zinc,0.07019847269458235
trip_Auxins_PEG_x_Silica_div_Zinc,0.07018914062879866
trip_Biofilm_PEG_div_Proline_PEG_x_Antioxidants_PEG,0.0699845289322516
trip_Biofilm_PEG_div_Trehalose_x_Nitrogen,0.06982190034220359
trip_Biofilm_div_ACC_PEG_x_Potassium_PEG,0.06980179276161236
trip_Trehalose_PEG_x_Antioxidants_div_Calcium,0.0697721181351636
trip_ACC_PEG_div_Potassium_PEG_x_Calcium,0.06961411081989799
trip_Auxins_PEG_x_Nitrogen_PEG_div_Manganese,0.06953479945026442
trip_Biofilm_PEG_x_Antioxidants_div_Glycine_Betaine,0.06947917385034641
trip_Proline_PEG_x_Silica_div_Manganese,0.06936787408172607
trip_Biofilm_PEG_div_Nitrogen_PEG_x_Phosphate,0.069278156451686
trip_Auxins_PEG_x_Trehalose_PEG_div_Glycine_Betaine,0.06922355155837123
trip_Trehalose_x_Proline_div_Potassium_PEG,0.06915953381296402
trip_Antioxidants_PEG_div_Potassium_PEG_x_Zinc,0.06904253989135412
trip_Trehalose_PEG_div_Nitrogen_x_Glycine_Betaine,0.06901754577836172
trip_Auxins_PEG_div_Antioxidants_x_Phosphate,0.0690029019781393
trip_ACC_PEG_x_Proline_PEG_div_Silica,0.06883827375373852
trip_ACC_PEG_div_Proline_PEG_x_Manganese,0.0687332488503265
trip_Auxins_PEG_x_Glycine_Betaine_div_Manganese,0.06870104539070376
trip_ACC_div_Trehalose_PEG_x_Antioxidants,0.06868553670584054
trip_Auxins_x_Nitrogen_PEG_div_Phosphate,0.06866322478836695
trip_Nitrogen_PEG_div_Glycine_Betaine_x_Silica,0.06864444876152653
trip_Nitrogen_x_Nitrogen_PEG_div_Calcium,0.06862877223375352
trip_ACC_div_Trehalose_x_Nitrogen_PEG,0.06856983699336605
trip_Auxins_PEG_div_ACC_x_Nitrogen,0.06844386529481405
trip_Biofilm_x_Auxins_PEG_div_Phosphate,0.06829304955457682
trip_ACC_x_Nitrogen_div_Silica,0.06827669375667478
trip_Trehalose_PEG_div_Nitrogen_PEG_x_Potassium_PEG,0.06824303565850043
trip_Auxins_x_Silica_div_Polyamines,0.06806239192946983
trip_Proline_div_Proline_PEG_x_Glycine_Betaine,0.06803077032526761
trip_Proline_div_Antioxidants_PEG_x_Potassium,0.067939396645184
trip_Trehalose_x_Potassium_PEG_div_Glycine_Betaine,0.06760744812775177
trip_Auxins_PEG_div_Proline_x_Glycine_Betaine,0.06743309291307398
trip_Trehalose_PEG_x_Potassium_div_Potassium_PEG,0.06707032843740612
trip_Auxins_x_Auxins_PEG_div_Trehalose,0.06690214984180853
trip_Phosphate_div_Potassium_PEG_x_Calcium,0.06662191931964201
trip_Antioxidants_PEG_div_Calcium_x_Zinc,0.06640728180661748
trip_ACC_PEG_x_Trehalose_div_Zinc,0.06599009147007262
trip_Biofilm_div_Auxins_PEG_x_Potassium,0.06594956300212473
trip_Proline_PEG_x_Antioxidants_div_Polyamines,0.06590144803465514
trip_Biofilm_PEG_x_Auxins_PEG_div_Potassium_PEG,0.06589127758574209
trip_Biofilm_x_Auxins_div_Antioxidants,0.06568374459114512
trip_ACC_PEG_x_Trehalose_PEG_div_Antioxidants,0.06568354317965297
trip_Auxins_x_Trehalose_div_Antioxidants_PEG,0.06566774356707938
trip_Potassium_x_Glycine_Betaine_div_Calcium,0.06558532150885132
trip_Proline_PEG_div_Phosphate_x_Calcium,0.06552004180647475
trip_Trehalose_div_Trehalose_PEG_x_Proline_PEG,0.06551442466376067
trip_Trehalose_PEG_div_Proline_x_Antioxidants_PEG,0.06548620467586352
trip_Glycine_Betaine_x_Calcium_div_Polyamines,0.06539554712552831
trip_Auxins_PEG_div_ACC_PEG_x_Proline_PEG,0.06529864581894906
trip_Auxins_PEG_x_Trehalose_div_Calcium,0.06515756496747938
trip_ACC_x_Antioxidants_div_Glycine_Betaine,0.06514464435446432
trip_Auxins_PEG_div_Potassium_x_Potassium_PEG,0.06512391016034291
trip_Antioxidants_PEG_div_Manganese_x_Zinc,0.06506523227908456
trip_Biofilm_x_Trehalose_div_Potassium_PEG,0.0649700989178219
trip_Biofilm_PEG_x_Auxins_div_Potassium,0.06480921589403543
trip_ACC_x_Antioxidants_div_Nitrogen_PEG,0.06467352049624364
trip_Auxins_PEG_x_Nitrogen_div_Manganese,0.06451238011332872
trip_ACC_PEG_div_Glycine_Betaine_x_Manganese,0.06436176907562086
trip_Auxins_x_Auxins_PEG_div_Proline_PEG,0.06435796300813501
trip_Nitrogen_x_Nitrogen_PEG_div_Manganese,0.06434946059557078
trip_Proline_x_Nitrogen_PEG_div_Calcium,0.06426538248729896
trip_Biofilm_x_Auxins_div_Nitrogen_PEG,0.06420126649576385
trip_ACC_PEG_div_Glycine_Betaine_x_Calcium,0.06410435860710972
trip_Auxins_PEG_div_Potassium_x_Polyamines,0.06397678219869851
trip_Trehalose_x_Potassium_PEG_div_Silica,0.06395350798187605
trip_Trehalose_PEG_div_Phosphate_x_Calcium,0.06374862773667345
trip_Antioxidants_PEG_x_Phosphate_div_Polyamines,0.06358470116145631
trip_Biofilm_PEG_x_Proline_div_Phosphate,0.06351999212497295
trip_Auxins_x_Silica_div_Manganese,0.06348267505136573
trip_Antioxidants_PEG_x_Phosphate_div_Zinc,0.06306000184643445
trip_Proline_PEG_x_Antioxidants_PEG_div_Zinc,0.0630383613006007
trip_Antioxidants_PEG_div_Potassium_x_Zinc,0.06277804484602423
trip_Glycine_Betaine_div_Manganese_x_Calcium,0.06271404404079939
trip_Biofilm_x_Trehalose_PEG_div_Zinc,0.06269215732536426
trip_ACC_div_ACC_PEG_x_Proline,0.06268844240229399
trip_Proline_div_Nitrogen_PEG_x_Calcium,0.06253485495031952
trip_ACC_x_Proline_div_Calcium,0.06253416119962618
trip_Auxins_PEG_x_Phosphate_div_Calcium,0.06237792182967694
trip_ACC_PEG_div_Trehalose_PEG_x_Nitrogen_PEG,0.06236382302525545
trip_Proline_PEG_x_Nitrogen_div_Polyamines,0.06235562110173132
trip_Proline_div_Antioxidants_x_Silica,0.06233740455125614
trip_ACC_PEG_div_Silica_x_Calcium,0.06220823264789099
trip_Biofilm_PEG_x_Proline_PEG_div_Potassium_PEG,0.06220250360990365
trip_Auxins_x_Phosphate_div_Glycine_Betaine,0.06219415293148689
trip_ACC_PEG_x_Proline_div_Polyamines,0.062051019789065354
trip_Auxins_x_Potassium_div_Potassium_PEG,0.06198701569280285
trip_ACC_PEG_div_Nitrogen_x_Calcium,0.06184361071068811
trip_Antioxidants_PEG_div_Nitrogen_x_Zinc,0.06183884397205097
trip_Biofilm_PEG_x_ACC_PEG_div_Proline_PEG,0.06178502234564842
trip_Trehalose_PEG_x_Proline_div_Calcium,0.06176940176551193
trip_ACC_div_Nitrogen_PEG_x_Polyamines,0.06173827250051156
trip_Auxins_PEG_x_Proline_div_Antioxidants_PEG,0.06169247376519671
trip_Auxins_PEG_x_Glycine_Betaine_div_Calcium,0.061494967418496804
trip_Auxins_x_Phosphate_div_Calcium,0.061428479247169765
trip_Auxins_PEG_x_Potassium_PEG_div_Calcium,0.06137690096510395
trip_Potassium_PEG_x_Manganese_div_Polyamines,0.061226530658124556
trip_Potassium_PEG_x_Silica_div_Manganese,0.06110852590302285
trip_Auxins_x_ACC_div_Manganese,0.060963643903302334
trip_Auxins_x_ACC_PEG_div_Potassium_PEG,0.06089762569212298
trip_ACC_PEG_div_Antioxidants_x_Zinc,0.060776484578334955
trip_Auxins_PEG_x_Calcium_div_Polyamines,0.060687933950173134
trip_Auxins_PEG_x_Antioxidants_div_Phosphate,0.060681913984475866
trip_Biofilm_PEG_div_Antioxidants_PEG_x_Nitrogen_PEG,0.06051301925912966
trip_Biofilm_PEG_x_Proline_div_Polyamines,0.06041341008693912
trip_ACC_PEG_div_Silica_x_Manganese,0.06023472452518974
trip_Proline_PEG_x_Silica_div_Zinc,0.06021788428657482
trip_Auxins_PEG_x_Trehalose_PEG_div_Calcium,0.06008454658800977
trip_Auxins_PEG_x_Polyamines_div_Zinc,0.06008202104587279
trip_ACC_PEG_x_Proline_PEG_div_Glycine_Betaine,0.060057874045919446
trip_Biofilm_PEG_x_Proline_div_Manganese,0.05991135837521
trip_Trehalose_PEG_x_Proline_div_Zinc,0.05982620607231581
trip_Biofilm_PEG_div_Trehalose_PEG_x_Proline_PEG,0.059674808476658514
trip_Biofilm_PEG_x_Auxins_PEG_div_Zinc,0.05948116747076093
trip_Auxins_PEG_x_ACC_div_Proline_PEG,0.05947456398680284
trip_Proline_PEG_div_Nitrogen_PEG_x_Calcium,0.05947275128337748
trip_ACC_PEG_x_Nitrogen_div_Potassium_PEG,0.05939894516118405
trip_Auxins_PEG_div_ACC_PEG_x_Antioxidants,0.05919014858141991
trip_ACC_PEG_x_Trehalose_div_Antioxidants_PEG,0.05909812590875174
trip_Nitrogen_PEG_x_Potassium_PEG_div_Zinc,0.05906539654134568
trip_Auxins_PEG_x_Silica_div_Calcium,0.05902510305347142
trip_Auxins_PEG_x_Phosphate_div_Zinc,0.058949540175488924
trip_Proline_x_Nitrogen_div_Phosphate,0.05893422171258966
trip_Biofilm_PEG_x_Antioxidants_div_Silica,0.05891822068852459
trip_Trehalose_x_Nitrogen_div_Calcium,0.05890607759176625
trip_Proline_PEG_x_Nitrogen_PEG_div_Zinc,0.058899914621831195
trip_ACC_PEG_div_Proline_x_Calcium,0.05884551114000813
trip_Proline_PEG_x_Nitrogen_PEG_div_Polyamines,0.058828413542265645
trip_Biofilm_PEG_div_Nitrogen_PEG_x_Polyamines,0.058803102831471055
trip_ACC_PEG_div_Trehalose_PEG_x_Calcium,0.058788108864864075
trip_ACC_x_Silica_div_Zinc,0.05865629623305124
trip_Phosphate_x_Silica_div_Calcium,0.058601019968097745
trip_Auxins_PEG_div_Proline_x_Silica,0.05854038852701082
trip_Trehalose_x_Antioxidants_div_Antioxidants_PEG,0.05848968417127809
trip_Proline_PEG_div_Potassium_PEG_x_Glycine_Betaine,0.058348382820299305
trip_ACC_PEG_x_Antioxidants_div_Phosphate,0.05826933670828338
trip_ACC_PEG_x_Silica_div_Calcium,0.058139463155734594
trip_Proline_x_Antioxidants_div_Glycine_Betaine,0.05813396909782087
trip_Trehalose_div_Antioxidants_x_Antioxidants_PEG,0.05811944509136158
trip_Biofilm_PEG_div_Auxins_x_Potassium,0.05811581639347274
trip_Biofilm_PEG_div_Auxins_PEG_x_Proline,0.058077641017299175
trip_Trehalose_x_Antioxidants_div_Nitrogen,0.0580253635456669
trip_Auxins_PEG_x_ACC_div_Potassium_PEG,0.05801907503131365
trip_Proline_PEG_x_Phosphate_div_Potassium,0.05792362836328713
trip_Biofilm_PEG_x_Auxins_div_Trehalose,0.057661032536174606
trip_Auxins_PEG_x_ACC_div_Calcium,0.0576218228042531
trip_Glycine_Betaine_x_Calcium_div_Zinc,0.05748860192019589
trip_Auxins_x_Potassium_PEG_div_Calcium,0.05748274979740797
trip_ACC_div_ACC_PEG_x_Proline_PEG,0.05735748303907684
trip_Auxins_div_Manganese_x_Calcium,0.05732800982412001
trip_Auxins_PEG_x_ACC_PEG_div_Glycine_Betaine,0.05731549993257756
trip_Auxins_PEG_x_Proline_PEG_div_Antioxidants,0.057152199970890605
trip_Biofilm_div_Antioxidants_x_Nitrogen,0.05710070576617099
trip_Auxins_PEG_div_ACC_x_Potassium_PEG,0.05707237388300013
trip_Phosphate_x_Calcium_div_Zinc,0.0569933277709842
trip_Biofilm_x_Antioxidants_div_Phosphate,0.05694971428453366
trip_Biofilm_PEG_div_ACC_x_Antioxidants,0.056877161389400355
trip_Biofilm_x_Auxins_PEG_div_Polyamines,0.056823798533618186
trip_Auxins_PEG_x_Proline_PEG_div_Silica,0.056785541539716045
trip_Biofilm_x_Proline_PEG_div_Calcium,0.0565938889786437
trip_Auxins_PEG_div_Antioxidants_x_Potassium,0.05654814452812573
trip_Proline_PEG_x_Silica_div_Calcium,0.05644748354036766
trip_ACC_x_Proline_PEG_div_Silica,0.05636416631995367
trip_Proline_div_Nitrogen_PEG_x_Glycine_Betaine,0.056359019137387056
trip_Auxins_x_Trehalose_div_Glycine_Betaine,0.05634894856280015
trip_Trehalose_PEG_div_Antioxidants_PEG_x_Glycine_Betaine,0.05627738166248575
trip_Auxins_PEG_div_Nitrogen_PEG_x_Potassium,0.056099623515088126
trip_Phosphate_x_Glycine_Betaine_div_Manganese,0.056058898243101174
trip_ACC_x_Antioxidants_div_Antioxidants_PEG,0.05604286694149141
trip_Auxins_PEG_x_Antioxidants_div_Zinc,0.05597283958849397
trip_Phosphate_x_Glycine_Betaine_div_Zinc,0.055972018145547864
trip_ACC_x_ACC_PEG_div_Trehalose,0.05596294343889219
trip_Auxins_x_ACC_div_Calcium,0.05585428193910169
trip_Proline_x_Antioxidants_div_Potassium_PEG,0.05584611358415925
trip_ACC_PEG_x_Proline_PEG_div_Nitrogen,0.05570561787914685
trip_Auxins_PEG_x_Trehalose_PEG_div_Potassium,0.05568601382728522
trip_Biofilm_PEG_x_Trehalose_PEG_div_Antioxidants_PEG,0.05554849453653987
trip_Biofilm_x_ACC_div_Phosphate,0.05550456445228713
trip_ACC_div_ACC_PEG_x_Antioxidants,0.05543793871559499
trip_Auxins_PEG_x_Antioxidants_PEG_div_Zinc,0.0554252195140712
trip_Auxins_div_Phosphate_x_Potassium_PEG,0.055325576773299634
trip_ACC_PEG_x_Proline_div_Phosphate,0.05524691439624996
trip_Potassium_div_Glycine_Betaine_x_Calcium,0.055126268912701226
trip_Biofilm_PEG_div_Trehalose_PEG_x_Nitrogen_PEG,0.05504055713344114
trip_Auxins_PEG_x_Nitrogen_div_Calcium,0.05502851391100916
trip_Proline_x_Antioxidants_div_Manganese,0.05502715207971365
trip_Antioxidants_x_Calcium_div_Polyamines,0.05500906980356701
trip_ACC_PEG_div_Nitrogen_PEG_x_Silica,0.054997589348537934
trip_Biofilm_PEG_x_ACC_PEG_div_Potassium_PEG,0.054953137963953846
trip_Biofilm_div_ACC_x_Antioxidants,0.0549183674951228
trip_Auxins_x_Nitrogen_PEG_div_Potassium_PEG,0.054890986721774615
trip_Auxins_PEG_x_Proline_PEG_div_Antioxidants_PEG,0.0548331000059179
trip_Proline_div_Potassium_PEG_x_Calcium,0.054740230220210906
trip_Proline_PEG_x_Calcium_div_Polyamines,0.05472953303209471
trip_ACC_PEG_div_Trehalose_x_Polyamines,0.05470044026106602
trip_Proline_PEG_x_Nitrogen_div_Glycine_Betaine,0.05469531545755446
trip_Potassium_PEG_x_Calcium_div_Zinc,0.0546810057149536
trip_Antioxidants_PEG_x_Nitrogen_div_Manganese,0.05464574585153348
trip_Biofilm_x_Auxins_div_Antioxidants_PEG,0.05461461658653288
trip_ACC_PEG_div_Trehalose_x_Nitrogen_PEG,0.05457619258114077
trip_ACC_PEG_div_Polyamines_x_Zinc,0.05434902196610003
trip_Nitrogen_x_Nitrogen_PEG_div_Silica,0.05432283847217434
trip_Biofilm_div_Nitrogen_PEG_x_Phosphate,0.0542885985185797
trip_Biofilm_PEG_div_ACC_PEG_x_Proline,0.054268121683586745
trip_Auxins_x_Antioxidants_div_Nitrogen_PEG,0.054239901695689374
trip_Antioxidants_div_Phosphate_x_Glycine_Betaine,0.05419791858918965
trip_Proline_x_Antioxidants_div_Antioxidants_PEG,0.05415558860734371
trip_Proline_PEG_div_Nitrogen_x_Glycine_Betaine,0.05413662235853889
trip_Auxins_x_Phosphate_div_Silica,0.05409172997493705
trip_Trehalose_div_Nitrogen_x_Potassium_PEG,0.0540655431899737
trip_ACC_PEG_div_Nitrogen_PEG_x_Calcium,0.05401910994263903
trip_Biofilm_div_Auxins_PEG_x_Proline_PEG,0.0540126200167943
trip_Trehalose_x_Proline_div_Polyamines,0.0539202840373616
trip_Auxins_PEG_x_Calcium_div_Zinc,0.05386276986694449
trip_Biofilm_x_Trehalose_div_Zinc,0.053700130918789446
trip_Auxins_PEG_x_Proline_PEG_div_Calcium,0.05366858022778298
trip_Trehalose_PEG_div_Phosphate_x_Polyamines,0.05357455002227285
trip_Proline_x_Phosphate_div_Silica,0.05351947516881084
trip_Potassium_div_Potassium_PEG_x_Calcium,0.05340185085763838
trip_Auxins_PEG_x_ACC_PEG_div_Antioxidants,0.053342971564887876
trip_Biofilm_PEG_div_Auxins_PEG_x_Polyamines,0.05332253948800436
trip_Proline_PEG_div_Nitrogen_x_Calcium,0.053298571520488114
trip_Proline_PEG_x_Nitrogen_div_Potassium_PEG,0.05325763693851937
trip_ACC_x_Proline_PEG_div_Antioxidants_PEG,0.053155927426230765
trip_Biofilm_x_Auxins_PEG_div_Antioxidants,0.05303314723722452
trip_Biofilm_PEG_div_Trehalose_PEG_x_Proline,0.05300162384450835
trip_Auxins_div_Proline_x_Antioxidants,0.05289581567418389
trip_Antioxidants_div_Antioxidants_PEG_x_Potassium,0.05289272736464423
trip_Auxins_div_Antioxidants_PEG_x_Nitrogen_PEG,0.05285994204960032
trip_Antioxidants_PEG_div_Phosphate_x_Zinc,0.05285848741104915
trip_Proline_x_Nitrogen_PEG_div_Potassium,0.05285092329058161
trip_Proline_PEG_x_Potassium_PEG_div_Calcium,0.05284873014322722
trip_Antioxidants_div_Phosphate_x_Potassium,0.05284801401347883
trip_Biofilm_PEG_x_Potassium_PEG_div_Manganese,0.05284490332488434
trip_Biofilm_x_Silica_div_Polyamines,0.05284112126465046
trip_Antioxidants_PEG_x_Silica_div_Calcium,0.05251170158039242
trip_Auxins_x_Nitrogen_div_Calcium,0.052444206351606626
trip_Biofilm_div_ACC_PEG_x_Polyamines,0.05237371232949983
trip_Auxins_div_Nitrogen_PEG_x_Manganese,0.05228457655488006
trip_Auxins_PEG_div_Silica_x_Polyamines,0.05228349117073017
trip_Auxins_x_Trehalose_div_Calcium,0.05228055951457278
trip_Auxins_x_Antioxidants_PEG_div_Zinc,0.05226508439829125
trip_Antioxidants_PEG_div_Nitrogen_PEG_x_Zinc,0.05225693842240342
trip_Potassium_PEG_x_Glycine_Betaine_div_Zinc,0.05189175700883486
trip_ACC_PEG_div_Calcium_x_Polyamines,0.05175787892192063
trip_ACC_div_Proline_x_Antioxidants,0.0517053394837077
trip_Biofilm_x_ACC_PEG_div_Calcium,0.051684613188076156
trip_Trehalose_div_Trehalose_PEG_x_Nitrogen,0.051632025700716344
trip_ACC_x_Proline_PEG_div_Calcium,0.05159262737502757
trip_Auxins_PEG_x_Trehalose_PEG_div_Nitrogen_PEG,0.05147105316071188
trip_Auxins_PEG_div_Antioxidants_x_Glycine_Betaine,0.05144314647957948
trip_ACC_PEG_div_Phosphate_x_Glycine_Betaine,0.051245606564297
trip_Auxins_PEG_div_Nitrogen_PEG_x_Glycine_Betaine,0.051214454920242236
trip_Biofilm_PEG_x_ACC_PEG_div_Potassium,0.05120962104444038
trip_Trehalose_PEG_x_Glycine_Betaine_div_Calcium,0.05113154052281188
trip_Auxins_PEG_x_Trehalose_PEG_div_Proline_PEG,0.05108761043855936
trip_Phosphate_x_Glycine_Betaine_div_Calcium,0.05079068514163376
trip_Biofilm_div_Biofilm_PEG_x_Proline,0.0507493734067741
trip_Proline_div_Antioxidants_PEG_x_Nitrogen_PEG,0.050678073738700036
trip_ACC_PEG_div_Nitrogen_x_Manganese,0.050599609482104624
trip_Auxins_x_Trehalose_div_Zinc,0.05057656234686614
trip_Biofilm_PEG_x_Auxins_div_Glycine_Betaine,0.050544213423387996
trip_Biofilm_PEG_x_ACC_div_Antioxidants_PEG,0.05048728110839118
trip_ACC_x_Antioxidants_div_Potassium,0.05040927891345337
trip_Biofilm_PEG_x_Auxins_PEG_div_ACC,0.050261051245064525
trip_Trehalose_x_Trehalose_PEG_div_Manganese,0.05011774696869575
trip_Trehalose_div_Proline_x_Nitrogen_PEG,0.05010523707715375
trip_ACC_x_Glycine_Betaine_div_Silica,0.05009022073149216
trip_Trehalose_x_Trehalose_PEG_div_Proline,0.04994592058719172
trip_ACC_PEG_div_Manganese_x_Polyamines,0.04992942722392435
trip_ACC_PEG_div_Glycine_Betaine_x_Silica,0.04989855531805243
trip_Biofilm_div_Proline_x_Polyamines,0.049874352370462116
trip_Trehalose_PEG_div_Antioxidants_x_Nitrogen,0.04983671080056262
trip_Antioxidants_PEG_x_Silica_div_Zinc,0.049699101993599504
trip_Nitrogen_x_Nitrogen_PEG_div_Zinc,0.04958856065321915
trip_ACC_x_ACC_PEG_div_Polyamines,0.04957373452952174
trip_ACC_PEG_div_Silica_x_Zinc,0.04953853227657756
trip_Biofilm_PEG_div_Antioxidants_PEG_x_Phosphate,0.04938169986168095
trip_Antioxidants_PEG_x_Potassium_PEG_div_Calcium,0.04931740483770808
trip_Trehalose_PEG_x_Proline_div_Silica,0.04925136424747434
trip_ACC_PEG_div_Antioxidants_PEG_x_Calcium,0.04924391202228007
trip_Biofilm_x_Auxins_PEG_div_Silica,0.04923753070067116
trip_Auxins_PEG_x_ACC_PEG_div_Nitrogen_PEG,0.049211999490367475
trip_Biofilm_PEG_x_Trehalose_div_Phosphate,0.049147379970102545
trip_Trehalose_PEG_x_Antioxidants_div_Zinc,0.049134030864012024
trip_ACC_div_Phosphate_x_Glycine_Betaine,0.04891338457481664
trip_Trehalose_PEG_x_Proline_PEG_div_Antioxidants,0.048891162173562375
trip_Biofilm_div_ACC_PEG_x_Phosphate,0.04883146604531796
trip_Biofilm_x_Proline_PEG_div_Phosphate,0.0487547626669691
trip_Trehalose_PEG_x_Phosphate_div_Calcium,0.04873344578600736
trip_Trehalose_PEG_x_Proline_div_Glycine_Betaine,0.04869772881480694
trip_Biofilm_div_Potassium_x_Potassium_PEG,0.048575539176487936
trip_Auxins_div_ACC_PEG_x_Antioxidants_PEG,0.04842087752989066
trip_ACC_PEG_x_Phosphate_div_Potassium,0.048377238373348064
trip_ACC_PEG_x_Polyamines_div_Zinc,0.04836574672879235
trip_Biofilm_x_Auxins_div_ACC,0.04833303974044045
trip_Biofilm_x_Phosphate_div_Polyamines,0.04833115989985037
trip_Auxins_PEG_x_ACC_PEG_div_Potassium,0.048248939253113576
trip_ACC_x_Trehalose_PEG_div_Polyamines,0.048172313370036246
trip_Phosphate_x_Potassium_div_Glycine_Betaine,0.04813431373526256
trip_Phosphate_x_Silica_div_Polyamines,0.04811482157867353
trip_Proline_x_Silica_div_Calcium,0.04809913386137299
trip_Antioxidants_PEG_div_Manganese_x_Calcium,0.04807999976965838
trip_Auxins_PEG_div_Potassium_PEG_x_Polyamines,0.04799999464933036
trip_Auxins_div_Glycine_Betaine_x_Calcium,0.0479962125890967
trip_Proline_x_Antioxidants_div_Zinc,0.0479409363241432
trip_Biofilm_x_ACC_PEG_div_Trehalose_PEG,0.04790418991642875
trip_Nitrogen_PEG_x_Calcium_div_Zinc,0.047855348946098
trip_Trehalose_x_Nitrogen_div_Polyamines,0.04782549857824958
trip_Phosphate_div_Potassium_x_Calcium,0.0478217007210362
trip_Proline_div_Glycine_Betaine_x_Silica,0.04779858315759644
trip_Proline_PEG_div_Nitrogen_PEG_x_Silica,0.04769519192517313
trip_Proline_x_Antioxidants_div_Polyamines,0.04766959028666817
trip_ACC_x_Trehalose_PEG_div_Antioxidants,0.0476125684554527
trip_ACC_PEG_x_Potassium_div_Calcium,0.047610327258951424
trip_ACC_PEG_x_Trehalose_div_Manganese,0.04759656743138718
trip_ACC_PEG_div_Nitrogen_x_Silica,0.04755306254917269
trip_Auxins_x_Antioxidants_div_Antioxidants_PEG,0.04748525401362169
trip_Trehalose_PEG_div_Proline_x_Glycine_Betaine,0.04723578810950735
trip_Proline_x_Potassium_div_Potassium_PEG,0.04717157799430116
trip_Auxins_div_Trehalose_PEG_x_Potassium_PEG,0.047171343014226874
trip_Trehalose_x_Antioxidants_div_Glycine_Betaine,0.0471275919624119
trip_ACC_PEG_x_Nitrogen_PEG_div_Zinc,0.04712327280486672
trip_Proline_div_Antioxidants_x_Glycine_Betaine,0.04697243797661255
trip_Trehalose_x_Trehalose_PEG_div_Nitrogen_PEG,0.046956839775530446
trip_Trehalose_div_Glycine_Betaine_x_Calcium,0.046936743384466295
trip_Auxins_PEG_x_Trehalose_PEG_div_Nitrogen,0.04691707219544017
trip_Trehalose_PEG_x_Antioxidants_PEG_div_Phosphate,0.04675220569992877
trip_Biofilm_PEG_div_Antioxidants_x_Polyamines,0.04674793130049282
trip_ACC_x_Glycine_Betaine_div_Polyamines,0.04674573815313843
trip_ACC_x_Antioxidants_div_Manganese,0.04652452119805073
trip_Biofilm_PEG_x_Auxins_div_Proline,0.046482896156425424
trip_Auxins_PEG_div_Nitrogen_PEG_x_Silica,0.04641553520196773
trip_ACC_PEG_div_Potassium_x_Zinc,0.046326511322621444
trip_Biofilm_x_Trehalose_div_Antioxidants,0.04632470980872272
trip_Auxins_div_Trehalose_PEG_x_Glycine_Betaine,0.04627750119296614
trip_Trehalose_div_Antioxidants_PEG_x_Phosphate,0.0462323705382528
trip_Auxins_x_Trehalose_div_Nitrogen_PEG,0.046130873626983426
trip_Proline_PEG_x_Calcium_div_Zinc,0.046110508687263296
trip_ACC_PEG_x_Trehalose_div_Potassium_PEG,0.045938268293248985
trip_Potassium_x_Glycine_Betaine_div_Silica,0.04581067411323603
trip_Proline_PEG_x_Antioxidants_div_Manganese,0.045791853328285725
trip_Auxins_x_Trehalose_PEG_div_Silica,0.04570350082057817
trip_Trehalose_PEG_x_Antioxidants_div_Nitrogen_PEG,0.04565368504495648
trip_Auxins_PEG_x_ACC_div_Glycine_Betaine,0.04560565959370533
trip_Biofilm_div_Antioxidants_PEG_x_Nitrogen_PEG,0.0455942508832925
trip_Trehalose_PEG_x_Silica_div_Manganese,0.04559373155758362
trip_Auxins_div_Nitrogen_x_Glycine_Betaine,0.04558674929253681
trip_Antioxidants_PEG_x_Phosphate_div_Calcium,0.0455293213473007
trip_Biofilm_PEG_x_Silica_div_Zinc,0.04545592133912835
trip_Auxins_x_Silica_div_Calcium,0.045265856028095186
trip_Antioxidants_div_Nitrogen_x_Potassium_PEG,0.0451989290055852
trip_Auxins_PEG_x_Nitrogen_PEG_div_Potassium_PEG,0.04515210329337482
trip_Auxins_div_Trehalose_PEG_x_Nitrogen_PEG,0.04514474058439899
trip_Proline_PEG_x_Nitrogen_PEG_div_Glycine_Betaine,0.045134849042249625
trip_Nitrogen_PEG_div_Glycine_Betaine_x_Polyamines,0.04508273695390885
trip_Proline_div_Antioxidants_x_Zinc,0.04507122538991615
trip_Proline_PEG_x_Potassium_div_Glycine_Betaine,0.04505211367725592
trip_ACC_PEG_div_Proline_x_Zinc,0.04494402284335863
trip_Proline_div_Antioxidants_PEG_x_Glycine_Betaine,0.04492148713533939
trip_Auxins_PEG_div_ACC_PEG_x_Glycine_Betaine,0.044833828378325835
trip_Biofilm_div_Proline_x_Antioxidants,0.04475585646093272
trip_ACC_PEG_div_Trehalose_PEG_x_Manganese,0.04473627807916247
trip_Auxins_x_Trehalose_div_Antioxidants,0.044713034139884256
trip_Auxins_PEG_div_ACC_x_Glycine_Betaine,0.04469331029425905
trip_Biofilm_PEG_x_Antioxidants_div_Potassium_PEG,0.04469089335635812
trip_Auxins_PEG_div_ACC_x_Proline,0.044616908201728256
trip_Potassium_PEG_div_Glycine_Betaine_x_Calcium,0.04461039589682847
trip_Biofilm_PEG_x_ACC_div_Trehalose_PEG,0.04454348252346341
trip_Auxins_PEG_x_Trehalose_PEG_div_Polyamines,0.044492368762672374
trip_Trehalose_PEG_x_Antioxidants_div_Silica,0.04438134298158003
trip_Trehalose_x_Trehalose_PEG_div_Calcium,0.044348963780557416
trip_Antioxidants_PEG_div_Nitrogen_PEG_x_Calcium,0.04434748676295164
trip_Antioxidants_div_Nitrogen_x_Potassium,0.04434157869252764
trip_Proline_PEG_div_Antioxidants_PEG_x_Phosphate,0.04431617846551417
trip_Proline_PEG_x_Manganese_div_Calcium,0.04429735768056453
trip_Auxins_div_Trehalose_x_Calcium,0.04422026183733929
trip_Biofilm_x_Silica_div_Calcium,0.044197189032008755
trip_Proline_PEG_x_Nitrogen_div_Zinc,0.04413416961415062
trip_ACC_PEG_div_Nitrogen_PEG_x_Zinc,0.04407027741316183
trip_Auxins_PEG_x_ACC_PEG_div_Trehalose_PEG,0.04406665200630999
trip_Nitrogen_PEG_div_Glycine_Betaine_x_Calcium,0.04405987115275556
trip_Biofilm_x_ACC_div_ACC_PEG,0.04402833906477177
trip_Trehalose_x_Proline_div_Nitrogen,0.044009249731166156
trip_Biofilm_x_ACC_PEG_div_Proline,0.04382256365738302
trip_Proline_x_Proline_PEG_div_Antioxidants,0.043752248667713545
trip_Trehalose_PEG_div_Potassium_x_Polyamines,0.04370162724612414
trip_Trehalose_x_Proline_PEG_div_Silica,0.04352156537251384
trip_Phosphate_x_Potassium_PEG_div_Polyamines,0.04338480696962632
trip_Glycine_Betaine_div_Silica_x_Manganese,0.04330392906616787
trip_ACC_div_Potassium_PEG_x_Polyamines,0.04325379998378098
trip_Auxins_x_Nitrogen_PEG_div_Manganese,0.04318717753812651
trip_Nitrogen_x_Potassium_div_Manganese,0.04307129879321492
trip_ACC_PEG_x_Nitrogen_div_Zinc,0.04304021428632421
trip_Auxins_div_ACC_x_Nitrogen_PEG,0.04292746860906216
trip_Proline_PEG_x_Phosphate_div_Manganese,0.042869193550787
trip_Biofilm_x_ACC_PEG_div_Phosphate,0.04285717599844707
trip_Trehalose_PEG_x_Nitrogen_PEG_div_Potassium,0.04285688507073715
trip_ACC_div_Nitrogen_x_Potassium_PEG,0.04283437174177229
trip_Nitrogen_x_Manganese_div_Polyamines,0.04273536680405776
trip_Proline_div_Antioxidants_x_Calcium,0.04265096419949321
trip_ACC_x_Nitrogen_div_Potassium,0.0425444846575298
trip_Trehalose_PEG_div_Nitrogen_PEG_x_Calcium,0.042459791125256
trip_Trehalose_PEG_x_Proline_PEG_div_Potassium_PEG,0.04232012344526592
trip_Biofilm_div_Antioxidants_PEG_x_Polyamines,0.0422837574814805
trip_Auxins_PEG_x_Nitrogen_div_Silica,0.0422142224676858
trip_Biofilm_x_Antioxidants_PEG_div_Polyamines,0.04217911302199706
trip_Proline_PEG_x_Phosphate_div_Glycine_Betaine,0.042124217200971925
trip_ACC_x_Potassium_PEG_div_Calcium,0.04204303472065862
trip_Biofilm_div_Phosphate_x_Polyamines,0.041893242978062295
trip_ACC_PEG_x_Proline_PEG_div_Potassium_PEG,0.04189071414488876
trip_Auxins_x_Potassium_div_Glycine_Betaine,0.04182601629793248
trip_Proline_div_Antioxidants_x_Potassium_PEG,0.04179110497269889
trip_Biofilm_div_Proline_x_Nitrogen,0.041627603599520224
trip_ACC_PEG_x_Antioxidants_PEG_div_Phosphate,0.04155169384619084
trip_Biofilm_PEG_div_Antioxidants_PEG_x_Glycine_Betaine,0.041503399846283706
trip_ACC_div_Trehalose_x_Antioxidants_PEG,0.04147419517998263
trip_Biofilm_PEG_x_Nitrogen_PEG_div_Silica,0.04144228264807004
trip_Auxins_PEG_x_Potassium_PEG_div_Silica,0.04137199003745495
trip_Antioxidants_x_Nitrogen_div_Glycine_Betaine,0.04129818391526152
trip_Proline_PEG_div_Potassium_PEG_x_Calcium,0.041178814037827305
trip_Trehalose_PEG_div_Proline_PEG_x_Calcium,0.04113278032243883
trip_Auxins_x_ACC_div_Potassium_PEG,0.0410826927071235
trip_ACC_PEG_div_Potassium_PEG_x_Zinc,0.04106508368216133
trip_ACC_div_Antioxidants_x_Calcium,0.04106197299356684
trip_Proline_PEG_x_Nitrogen_div_Silica,0.04093065270095608
trip_Proline_div_Calcium_x_Polyamines,0.04091104864909423
trip_Biofilm_PEG_div_Trehalose_x_Antioxidants_PEG,0.040910578688946764
trip_Auxins_PEG_div_Antioxidants_PEG_x_Potassium_PEG,0.040865865337782026
trip_Auxins_PEG_x_Nitrogen_div_Glycine_Betaine,0.04082106247039774
trip_Potassium_div_Manganese_x_Calcium,0.04081446064927996
trip_ACC_div_Manganese_x_Zinc,0.0407606390228783
trip_Proline_PEG_div_Potassium_x_Glycine_Betaine,0.04070885389044809
trip_Auxins_PEG_x_Phosphate_div_Polyamines,0.04069473270697155
trip_Antioxidants_div_Antioxidants_PEG_x_Nitrogen_PEG,0.04064932560511325
trip_Biofilm_div_Auxins_PEG_x_Silica,0.040621418923980634
trip_ACC_PEG_x_Proline_PEG_div_Polyamines,0.04049871456740539
trip_Trehalose_div_Antioxidants_PEG_x_Zinc,0.04042335310091483
trip_Auxins_PEG_x_Antioxidants_div_Nitrogen,0.04032945058765747
trip_Antioxidants_PEG_x_Manganese_div_Zinc,0.04029079077077191
trip_Auxins_x_ACC_div_Silica,0.040273335108155006
trip_Trehalose_PEG_x_Proline_PEG_div_Nitrogen_PEG,0.04024249677086478
trip_ACC_div_Glycine_Betaine_x_Silica,0.04023350039090068
trip_Trehalose_PEG_div_Proline_x_Polyamines,0.04007928632539648
trip_Nitrogen_x_Manganese_div_Calcium,0.04006179709419766
trip_ACC_PEG_x_Trehalose_PEG_div_Antioxidants_PEG,0.040037974590536596
trip_Auxins_PEG_x_Potassium_div_Calcium,0.03998529266772266
trip_ACC_PEG_div_Antioxidants_PEG_x_Zinc,0.039961013021639236
trip_Proline_x_Glycine_Betaine_div_Silica,0.03984793165855782
trip_ACC_PEG_div_Proline_PEG_x_Zinc,0.03962499151626275
trip_ACC_x_Proline_div_Nitrogen_PEG,0.03955174487043567
trip_ACC_div_Nitrogen_x_Glycine_Betaine,0.03950597970370251
trip_Auxins_div_Antioxidants_x_Polyamines,0.03948386919772129
trip_Antioxidants_x_Glycine_Betaine_div_Silica,0.03945030061576538
trip_Antioxidants_PEG_x_Nitrogen_PEG_div_Potassium_PEG,0.039400551977307074
trip_Antioxidants_PEG_div_Glycine_Betaine_x_Calcium,0.03939676991707364
trip_Proline_div_Phosphate_x_Glycine_Betaine,0.0393719515454809
trip_Trehalose_PEG_x_Potassium_div_Glycine_Betaine,0.039234745561500306
trip_Biofilm_PEG_x_Auxins_PEG_div_Potassium,0.03921301220841045
trip_Trehalose_PEG_div_Proline_PEG_x_Silica,0.03913115291758573
trip_Trehalose_PEG_div_Glycine_Betaine_x_Polyamines,0.03902137329648303
trip_Biofilm_PEG_x_Nitrogen_PEG_div_Polyamines,0.03899412596604246
trip_Biofilm_x_Phosphate_div_Silica,0.03878602313697188
trip_Nitrogen_div_Phosphate_x_Potassium,0.03877662393402437
trip_Biofilm_PEG_div_Antioxidants_PEG_x_Potassium_PEG,0.038699707123237115
trip_ACC_PEG_div_Trehalose_x_Zinc,0.038684131301208735
trip_ACC_PEG_x_Glycine_Betaine_div_Zinc,0.03864041381797545
trip_Biofilm_x_Proline_div_Phosphate,0.03859539834957304
trip_Biofilm_x_Antioxidants_div_Silica,0.038581008617441626
trip_Biofilm_x_Nitrogen_PEG_div_Phosphate,0.03856221021154638
trip_Auxins_div_Potassium_PEG_x_Glycine_Betaine,0.0384662935833715
trip_ACC_PEG_div_Trehalose_PEG_x_Zinc,0.038431606048683786
trip_Trehalose_PEG_x_Nitrogen_div_Potassium,0.03842131168355034
trip_Auxins_PEG_x_Trehalose_PEG_div_Silica,0.03841985375396173
trip_Proline_PEG_x_Antioxidants_PEG_div_Potassium_PEG,0.03835987459649681
trip_Potassium_PEG_div_Silica_x_Polyamines,0.03831459716151375
trip_Antioxidants_PEG_x_Calcium_div_Polyamines,0.03829861934792289
trip_Trehalose_PEG_div_Potassium_x_Calcium,0.03824093650317528
trip_Biofilm_x_Trehalose_PEG_div_Nitrogen,0.038203876788696745
trip_Antioxidants_PEG_x_Phosphate_div_Potassium,0.03820242215014491
trip_Biofilm_div_ACC_PEG_x_Potassium,0.03818089349958398
trip_Auxins_div_Manganese_x_Polyamines,0.0381780737387003
trip_Biofilm_PEG_div_Auxins_x_Auxins_PEG,0.038075286740751446
trip_Biofilm_PEG_x_Proline_PEG_div_Antioxidants_PEG,0.0380594535595955
trip_Proline_div_Potassium_PEG_x_Glycine_Betaine,0.037993043714960484
trip_Proline_div_Proline_PEG_x_Silica,0.037909860768873926
trip_Trehalose_x_Trehalose_PEG_div_Silica,0.037896366198927556
trip_Auxins_div_Nitrogen_x_Nitrogen_PEG,0.0378804546910807
trip_Biofilm_PEG_div_ACC_x_Antioxidants_PEG,0.037858747008082894
trip_Potassium_x_Silica_div_Calcium,0.03784487199420794
trip_Trehalose_div_Proline_PEG_x_Zinc,0.03782987802760096
trip_Auxins_PEG_div_Antioxidants_x_Nitrogen,0.037815835170816436
trip_ACC_PEG_div_Phosphate_x_Manganese,0.037782960339554084
trip_Proline_div_Antioxidants_PEG_x_Zinc,0.03767875227163642
trip_Nitrogen_PEG_x_Polyamines_div_Zinc,0.03765702220958378
trip_Nitrogen_div_Potassium_x_Glycine_Betaine,0.037605841311628474
trip_ACC_div_Proline_x_Glycine_Betaine,0.037595748357986736
trip_Auxins_PEG_div_Trehalose_x_Nitrogen,0.03758283564346154
trip_Biofilm_div_Auxins_PEG_x_Proline,0.03753668674176258
trip_Auxins_div_Antioxidants_PEG_x_Calcium,0.037531341438741705
trip_Auxins_PEG_div_Antioxidants_PEG_x_Glycine_Betaine,0.0373923898884998
trip_Proline_PEG_x_Antioxidants_div_Antioxidants_PEG,0.03738424391261197
trip_Trehalose_x_Antioxidants_div_Potassium_PEG,0.03735893320181738
trip_Potassium_x_Manganese_div_Zinc,0.03730819988495471
trip_Phosphate_x_Potassium_div_Polyamines,0.037249633898969625
trip_Biofilm_x_Proline_PEG_div_Silica,0.03714690284865818
trip_Auxins_PEG_div_Trehalose_PEG_x_Silica,0.037140938830597436
trip_Biofilm_div_Antioxidants_x_Silica,0.03712560917817087
trip_Auxins_x_Nitrogen_PEG_div_Calcium,0.037118716429342724
trip_ACC_x_Proline_div_Nitrogen,0.0370936071300394
trip_Trehalose_PEG_x_Proline_div_Manganese,0.037044328451729
trip_Biofilm_div_Auxins_PEG_x_Trehalose_PEG,0.03684011957816513
trip_Auxins_x_Auxins_PEG_div_Potassium,0.036778621936022216
trip_Auxins_PEG_x_Potassium_PEG_div_Zinc,0.03676331466265048
trip_Proline_PEG_div_Nitrogen_PEG_x_Glycine_Betaine,0.0365773894767254
trip_Trehalose_PEG_x_Nitrogen_div_Silica,0.036568281201487585
trip_Biofilm_div_Auxins_x_ACC,0.03653307894854385
trip_Antioxidants_x_Nitrogen_PEG_div_Potassium_PEG,0.03648827608116001
trip_ACC_x_Potassium_PEG_div_Glycine_Betaine,0.0364714917901825
trip_ACC_PEG_x_Antioxidants_div_Glycine_Betaine,0.036464498335608386
trip_Antioxidants_x_Phosphate_div_Polyamines,0.03643396211555627
trip_ACC_PEG_x_Phosphate_div_Calcium,0.0363381797617095
trip_Trehalose_div_Antioxidants_x_Potassium,0.03632535656340208
trip_Biofilm_PEG_x_Antioxidants_PEG_div_Manganese,0.03629617427615539
trip_ACC_PEG_div_Trehalose_x_Trehalose_PEG,0.03627615292074493
trip_Biofilm_PEG_x_Potassium_div_Manganese,0.03623933147737657
trip_Biofilm_x_Potassium_PEG_div_Polyamines,0.03619644662661714
trip_Trehalose_PEG_x_Potassium_div_Zinc,0.03611647046741884
trip_Auxins_div_ACC_x_Antioxidants,0.036084848863216834
trip_Biofilm_PEG_div_Nitrogen_x_Phosphate,0.035958582945916806
trip_Biofilm_x_Auxins_div_Potassium,0.03594511404606271
trip_Auxins_x_Nitrogen_PEG_div_Potassium,0.03593544629445944
trip_Antioxidants_x_Silica_div_Zinc,0.03587732788956699
trip_ACC_PEG_x_Trehalose_div_Calcium,0.03586869123731695
trip_Biofilm_PEG_div_Antioxidants_x_Potassium_PEG,0.03582361815843771
trip_Biofilm_PEG_x_Antioxidants_div_Phosphate,0.03577075883138514
trip_ACC_PEG_x_Antioxidants_div_Nitrogen,0.03575643623641733
trip_Auxins_PEG_x_Trehalose_div_Potassium,0.035671843409888826
trip_Auxins_PEG_x_Nitrogen_PEG_div_Potassium,0.03565875166292609
trip_Trehalose_x_Proline_PEG_div_Glycine_Betaine,0.03562180384372038
trip_Phosphate_x_Glycine_Betaine_div_Silica,0.03559224111254422
trip_Auxins_PEG_div_Potassium_x_Glycine_Betaine,0.03558465461302274
trip_Biofilm_PEG_x_Proline_div_Nitrogen_PEG,0.03555809067516846
trip_Biofilm_x_Calcium_div_Polyamines,0.03554179872339258
trip_Antioxidants_x_Glycine_Betaine_div_Manganese,0.035512526919927456
trip_ACC_div_ACC_PEG_x_Phosphate,0.03543703907759865
trip_ACC_x_Antioxidants_PEG_div_Phosphate,0.03541629698498783
trip_Proline_div_Nitrogen_x_Glycine_Betaine,0.03530138053942622
trip_ACC_x_ACC_PEG_div_Proline,0.03509336722657386
trip_Trehalose_PEG_div_Antioxidants_x_Polyamines,0.03507698575857954
trip_Antioxidants_PEG_x_Calcium_div_Zinc,0.03506729562792166
trip_Antioxidants_PEG_div_Potassium_PEG_x_Calcium,0.03504710972063929
trip_Proline_div_Antioxidants_x_Phosphate,0.03498136005811525
trip_ACC_div_Trehalose_x_Calcium,0.034961428218923896
trip_Nitrogen_x_Potassium_div_Calcium,0.03488759181918577
trip_Auxins_PEG_x_Trehalose_PEG_div_Potassium_PEG,0.034882153708909014
trip_Auxins_PEG_div_Trehalose_PEG_x_Potassium_PEG,0.034881862781198425
trip_Trehalose_PEG_div_Antioxidants_PEG_x_Polyamines,0.034849860733067395
trip_Biofilm_x_Biofilm_PEG_div_Auxins_PEG,0.03480447601026304
trip_Auxins_div_ACC_x_Trehalose_PEG,0.0347852747813846
trip_Trehalose_PEG_div_Proline_x_Antioxidants,0.03462206433591608
trip_Nitrogen_x_Manganese_div_Zinc,0.034573389892080364
trip_Biofilm_PEG_x_Proline_PEG_div_Glycine_Betaine,0.03454015699594426
trip_ACC_PEG_div_Proline_PEG_x_Phosphate,0.03447453041822124
trip_Proline_div_Antioxidants_PEG_x_Calcium,0.03446487385614505
trip_Trehalose_PEG_div_Potassium_PEG_x_Polyamines,0.03441812401100819
trip_Biofilm_div_Auxins_x_Auxins_PEG,0.034406565229287756
trip_Antioxidants_PEG_div_Potassium_PEG_x_Manganese,0.034399124193621455
trip_Biofilm_div_Phosphate_x_Potassium_PEG,0.034387017125062425
trip_Trehalose_x_Trehalose_PEG_div_Glycine_Betaine,0.034361277921192146
trip_Auxins_PEG_div_Antioxidants_x_Silica,0.03434395982394056
trip_ACC_PEG_div_Proline_x_Manganese,0.03430631825404129
trip_ACC_PEG_div_Nitrogen_x_Zinc,0.03416404341418544
trip_Trehalose_PEG_div_Phosphate_x_Glycine_Betaine,0.03414921070841337
trip_ACC_PEG_div_Potassium_x_Manganese,0.03400040776667912
trip_Phosphate_div_Potassium_x_Zinc,0.03399533891080364
trip_Antioxidants_PEG_div_Nitrogen_PEG_x_Potassium_PEG,0.033922987427162266
trip_Biofilm_PEG_x_Nitrogen_PEG_div_Manganese,0.03389969083128519
trip_Proline_PEG_div_Potassium_x_Calcium,0.03386506714272364
trip_Trehalose_PEG_x_Proline_PEG_div_Zinc,0.033864510957394955
trip_ACC_div_Antioxidants_PEG_x_Phosphate,0.03377917962206367
trip_Auxins_PEG_x_Nitrogen_div_Nitrogen_PEG,0.03373880780749827
trip_Auxins_x_Auxins_PEG_div_Trehalose_PEG,0.033694004940115097
trip_Auxins_div_Nitrogen_x_Manganese,0.03361487260291818
trip_Antioxidants_div_Nitrogen_PEG_x_Phosphate,0.0336001215148749
trip_Antioxidants_div_Antioxidants_PEG_x_Phosphate,0.03359529093011049
trip_Phosphate_x_Potassium_PEG_div_Glycine_Betaine,0.033589002415757685
trip_ACC_PEG_div_Trehalose_x_Proline_PEG,0.03358572520066816
trip_Antioxidants_div_Nitrogen_x_Phosphate,0.03351039598634431
trip_ACC_PEG_x_Proline_div_Silica,0.03344508271538582
trip_Auxins_PEG_x_ACC_PEG_div_Silica,0.033435683512438974
trip_Trehalose_PEG_x_Antioxidants_PEG_div_Nitrogen_PEG,0.033411424617211916
trip_Auxins_x_Trehalose_PEG_div_Glycine_Betaine,0.03340327864132431
trip_Phosphate_div_Potassium_PEG_x_Zinc,0.033374991516262886
trip_Auxins_PEG_x_Antioxidants_div_Nitrogen_PEG,0.03335351964475852
trip_Biofilm_PEG_x_Silica_div_Manganese,0.033351549456530405
trip_Proline_PEG_div_Antioxidants_PEG_x_Glycine_Betaine,0.033332090868523734
trip_Biofilm_x_Biofilm_PEG_div_Proline_PEG,0.0333113454848748
trip_Auxins_x_Trehalose_PEG_div_Nitrogen,0.03320099436645929
trip_Biofilm_x_Biofilm_PEG_div_Proline,0.033199047388705605
trip_Biofilm_PEG_x_ACC_div_Silica,0.033147172740057185
trip_ACC_PEG_x_Trehalose_div_Potassium,0.03310769608767683
trip_ACC_x_ACC_PEG_div_Nitrogen_PEG,0.03308459761225424
trip_Auxins_div_ACC_PEG_x_Antioxidants,0.033067055724455896
trip_Proline_PEG_x_Nitrogen_div_Potassium,0.03298355947160525
trip_Biofilm_x_Trehalose_PEG_div_Proline,0.03295903202772288
trip_Biofilm_PEG_div_ACC_x_Calcium,0.03286317301002484
trip_Trehalose_PEG_x_Nitrogen_PEG_div_Polyamines,0.032783311690712136
trip_Biofilm_div_Auxins_PEG_x_ACC,0.03271272815238668
trip_Auxins_PEG_x_Potassium_PEG_div_Glycine_Betaine,0.03270563399206661
trip_Biofilm_PEG_div_ACC_PEG_x_Antioxidants,0.03267921551806752
trip_Proline_div_Potassium_PEG_x_Silica,0.032664702701135306
trip_ACC_PEG_div_Antioxidants_x_Nitrogen_PEG,0.0326225181831441
trip_Biofilm_PEG_x_Trehalose_PEG_div_Proline_PEG,0.03261692341948508
trip_Antioxidants_PEG_x_Nitrogen_PEG_div_Calcium,0.0325643326410876
trip_Trehalose_x_Antioxidants_div_Phosphate,0.03255632093952765
trip_ACC_div_Trehalose_PEG_x_Proline,0.03246163515935807
trip_ACC_x_Manganese_div_Calcium,0.03244234441426053
trip_Auxins_div_Phosphate_x_Glycine_Betaine,0.03241584432253308
trip_Biofilm_PEG_x_Potassium_div_Calcium,0.03240521756261816
trip_Biofilm_div_Biofilm_PEG_x_Antioxidants_PEG,0.03235919503675655
trip_Auxins_div_Auxins_PEG_x_Trehalose,0.032342556209633555
trip_Auxins_div_Potassium_PEG_x_Manganese,0.03232169893071224
trip_Proline_PEG_div_Silica_x_Calcium,0.03230365812163738
trip_Proline_x_Nitrogen_PEG_div_Phosphate,0.03224809422001074
trip_Auxins_x_Proline_PEG_div_Calcium,0.0321109106150852
trip_Auxins_div_Proline_x_Glycine_Betaine,0.032058991208327114
trip_ACC_PEG_x_Glycine_Betaine_div_Silica,0.03205721207348344
trip_ACC_PEG_x_Antioxidants_div_Potassium,0.03203853675238877
trip_ACC_x_Nitrogen_PEG_div_Phosphate,0.032020208306640985
trip_Biofilm_div_Proline_PEG_x_Polyamines,0.03195989675439348
trip_Auxins_div_Antioxidants_x_Zinc,0.03192760377855297
trip_Auxins_x_Antioxidants_div_Potassium_PEG,0.03186988819664349
trip_Auxins_PEG_div_Phosphate_x_Silica,0.03181608894929555
trip_Proline_PEG_x_Antioxidants_PEG_div_Manganese,0.031802683895568284
trip_Biofilm_PEG_div_Proline_x_Polyamines,0.03173606144991359
trip_Auxins_div_ACC_PEG_x_Glycine_Betaine,0.031709001881819576
trip_Proline_div_Nitrogen_x_Zinc,0.031630365174862174
trip_Biofilm_PEG_x_Trehalose_div_Manganese,0.03156645059481855
trip_Nitrogen_div_Potassium_x_Potassium_PEG,0.031521647727435376
trip_Auxins_div_Glycine_Betaine_x_Silica,0.03146804989157914
trip_Biofilm_x_Proline_PEG_div_Nitrogen_PEG,0.03142642484995406
trip_Auxins_div_Glycine_Betaine_x_Manganese,0.03141915165719733
trip_Antioxidants_PEG_div_Phosphate_x_Potassium_PEG,0.03140346393989657
trip_Antioxidants_PEG_div_Nitrogen_x_Manganese,0.03139093166929974
trip_Trehalose_PEG_div_Glycine_Betaine_x_Silica,0.031342369120736846
trip_Proline_PEG_div_Potassium_PEG_x_Silica,0.03120744580033019
trip_Biofilm_PEG_x_Proline_div_Potassium,0.031189139733636795
trip_Biofilm_PEG_div_Trehalose_PEG_x_Nitrogen,0.031166044549251204
trip_Biofilm_div_Biofilm_PEG_x_Polyamines,0.031134243912612325
trip_Trehalose_PEG_x_Proline_PEG_div_Calcium,0.031103851528217374
trip_ACC_x_Antioxidants_div_Nitrogen,0.0311011084311843
trip_Auxins_x_Proline_div_Polyamines,0.031096311415002686
trip_Antioxidants_x_Phosphate_div_Manganese,0.031080019463226805
trip_Antioxidants_PEG_div_Phosphate_x_Manganese,0.031035708935045037
trip_Trehalose_PEG_div_Proline_PEG_x_Antioxidants,0.03101543351154379
trip_Trehalose_div_Nitrogen_PEG_x_Polyamines,0.031009905885048372
trip_Biofilm_x_Trehalose_PEG_div_Phosphate,0.030997306477287268
trip_Auxins_PEG_x_Trehalose_div_Nitrogen_PEG,0.03082833342524971
trip_Potassium_PEG_x_Calcium_div_Polyamines,0.030773113107932737
trip_Biofilm_div_ACC_x_Silica,0.03076758548143732
trip_Biofilm_div_Antioxidants_PEG_x_Nitrogen,0.03075883527107437
trip_Biofilm_PEG_x_Proline_PEG_div_Phosphate,0.03073180137307241
trip_Biofilm_PEG_div_Glycine_Betaine_x_Polyamines,0.03063277405630349
trip_ACC_PEG_div_Antioxidants_x_Manganese,0.03061057403410339
trip_ACC_PEG_x_Proline_div_Potassium_PEG,0.03056798669312899
trip_Auxins_div_Antioxidants_PEG_x_Zinc,0.030545115299289938
trip_Trehalose_x_Nitrogen_div_Glycine_Betaine,0.030525736354389155
trip_Biofilm_PEG_x_Nitrogen_div_Polyamines,0.030373065127239807
trip_Proline_div_Proline_PEG_x_Zinc,0.03028627915335691
trip_Biofilm_x_Potassium_div_Silica,0.03024534786242561
trip_Proline_x_Proline_PEG_div_Polyamines,0.030163127215689034
trip_ACC_PEG_x_Manganese_div_Polyamines,0.030122251872394257
trip_Proline_PEG_div_Antioxidants_x_Nitrogen,0.030071775914660037
trip_Proline_PEG_x_Potassium_div_Zinc,0.030037356928628522
trip_Biofilm_div_Nitrogen_x_Silica,0.03003084462372896
trip_Auxins_PEG_x_ACC_div_ACC_PEG,0.029946766515457135
trip_Auxins_div_Trehalose_x_Zinc,0.029920873949242255
trip_Biofilm_x_Trehalose_div_Proline_PEG,0.02990845357391847
trip_Proline_x_Antioxidants_PEG_div_Nitrogen,0.02989294488905525
trip_Trehalose_x_Trehalose_PEG_div_Antioxidants,0.029887473210196358
trip_ACC_PEG_x_Antioxidants_div_Zinc,0.029871505754712313
trip_Biofilm_PEG_div_Glycine_Betaine_x_Zinc,0.029860942840923554
trip_ACC_PEG_div_Antioxidants_x_Phosphate,0.02983836237479487
trip_ACC_x_Antioxidants_div_Phosphate,0.029794585652887173
trip_Trehalose_div_Antioxidants_x_Zinc,0.02978028872801164
trip_Biofilm_PEG_div_Antioxidants_PEG_x_Calcium,0.029736016375864427
trip_ACC_div_Nitrogen_PEG_x_Calcium,0.02967349258824581
trip_ACC_PEG_x_Phosphate_div_Polyamines,0.02960501597209353
trip_Trehalose_x_Nitrogen_div_Potassium_PEG,0.029598637941521844
trip_Biofilm_PEG_x_Nitrogen_PEG_div_Calcium,0.029595236325217655
trip_Trehalose_PEG_x_Nitrogen_div_Manganese,0.02957294678679867
trip_Trehalose_PEG_div_Proline_PEG_x_Polyamines,0.02953112033368188
trip_Auxins_PEG_div_Proline_PEG_x_Silica,0.029441917421898278
trip_Trehalose_div_Glycine_Betaine_x_Zinc,0.0294307502736344
trip_Phosphate_x_Potassium_PEG_div_Calcium,0.029396644594367638
trip_Biofilm_div_ACC_x_Potassium,0.02939129600030932
trip_Trehalose_PEG_div_Potassium_PEG_x_Glycine_Betaine,0.029318714144045854
trip_Biofilm_PEG_div_ACC_x_Trehalose,0.02930788926367689
trip_Trehalose_div_Antioxidants_x_Polyamines,0.029282108592735057
trip_Biofilm_div_ACC_x_Nitrogen_PEG,0.029275327739179735
trip_ACC_PEG_div_Silica_x_Polyamines,0.02926543619703037
trip_Auxins_PEG_div_Potassium_PEG_x_Glycine_Betaine,0.029252232554793922
trip_Auxins_PEG_div_ACC_x_Potassium,0.02919733673376923
trip_Nitrogen_x_Potassium_PEG_div_Glycine_Betaine,0.0291721155391933
trip_Biofilm_PEG_x_Antioxidants_PEG_div_Calcium,0.029125097145400458
trip_Auxins_PEG_div_Proline_x_Polyamines,0.02904605432442242
trip_Auxins_div_Trehalose_x_Proline,0.028985732414067877
trip_Auxins_PEG_div_ACC_x_Trehalose_PEG,0.028964795977035163
trip_Auxins_div_Silica_x_Calcium,0.02895819415591716
trip_Biofilm_PEG_div_Trehalose_PEG_x_Glycine_Betaine,0.028906901362688586
trip_Proline_PEG_x_Potassium_div_Silica,0.028868677937368803
trip_Biofilm_div_Auxins_PEG_x_Potassium_PEG,0.028856682764083263
trip_ACC_PEG_div_Trehalose_x_Potassium_PEG,0.028851504507194203
trip_Proline_div_Potassium_x_Zinc,0.02880778452970123
trip_Nitrogen_PEG_x_Potassium_PEG_div_Calcium,0.028774288523781832
trip_Auxins_x_Trehalose_PEG_div_Nitrogen_PEG,0.028752888708676094
trip_Trehalose_div_Manganese_x_Zinc,0.02871450862997338
trip_Auxins_PEG_div_Trehalose_x_Glycine_Betaine,0.02867250314441927
trip_Proline_x_Antioxidants_div_Nitrogen_PEG,0.0286690120118962
trip_Auxins_PEG_div_Nitrogen_x_Silica,0.028657889621741317
trip_Auxins_x_Trehalose_div_Potassium_PEG,0.028648445660684807
trip_Biofilm_div_Trehalose_PEG_x_Antioxidants_PEG,0.02859299036329377
trip_Silica_x_Manganese_div_Calcium,0.028542659869414733
trip_Trehalose_PEG_x_Antioxidants_div_Potassium_PEG,0.028486242272674822
trip_ACC_div_ACC_PEG_x_Calcium,0.028392742582401098
trip_Trehalose_div_Proline_x_Zinc,0.02835677944159909
trip_Nitrogen_PEG_div_Glycine_Betaine_x_Manganese,0.028283443279553122
trip_Trehalose_PEG_div_Antioxidants_x_Calcium,0.028267554150760876
trip_Auxins_div_Auxins_PEG_x_Potassium,0.028263660195253726
trip_Auxins_div_Potassium_PEG_x_Polyamines,0.028252783974700657
trip_Proline_div_Phosphate_x_Silica,0.02811662980628782
trip_Auxins_div_Proline_x_Potassium,0.02804254477733159
trip_Biofilm_PEG_div_Proline_x_Calcium,0.028022631194737357
trip_Biofilm_div_Nitrogen_x_Phosphate,0.02800284350298554
trip_ACC_x_ACC_PEG_div_Zinc,0.02799388069160358
trip_Proline_PEG_div_Potassium_x_Potassium_PEG,0.027928108650025374
trip_Auxins_x_ACC_PEG_div_Antioxidants,0.027905326772404537
trip_Trehalose_div_Proline_x_Polyamines,0.02789930680670727
trip_Biofilm_PEG_div_Potassium_x_Potassium_PEG,0.02786672290315506
trip_Trehalose_div_Proline_PEG_x_Potassium,0.027783226650304194
trip_Proline_PEG_x_Antioxidants_div_Nitrogen,0.027781100640114076
trip_Biofilm_div_ACC_x_ACC_PEG,0.027757826423291165
trip_Trehalose_div_Phosphate_x_Potassium,0.027685094495720763
trip_ACC_PEG_x_Nitrogen_PEG_div_Polyamines,0.027643111389221486
trip_Biofilm_div_Auxins_x_Potassium,0.027598487554275186
trip_ACC_PEG_x_Antioxidants_div_Potassium_PEG,0.02756424430964244
trip_ACC_x_Silica_div_Calcium,0.027524905222628293
trip_Nitrogen_PEG_div_Phosphate_x_Calcium,0.027463840681013263
trip_Trehalose_PEG_div_Glycine_Betaine_x_Calcium,0.0274603192709455
trip_Biofilm_PEG_x_Trehalose_div_Trehalose_PEG,0.027437604530488935
trip_Auxins_div_Trehalose_PEG_x_Calcium,0.027425586978148564
trip_Trehalose_div_Nitrogen_x_Zinc,0.02740573675668534
trip_ACC_PEG_x_Nitrogen_PEG_div_Manganese,0.027397542731650848
trip_Proline_div_Phosphate_x_Zinc,0.027329289906045107
trip_Biofilm_PEG_x_ACC_div_Potassium,0.02727150718697202
trip_Auxins_PEG_x_Proline_PEG_div_Zinc,0.02722900936221584
trip_Biofilm_PEG_x_Auxins_div_Manganese,0.02719837243641776
trip_Biofilm_x_Antioxidants_PEG_div_Silica,0.027176082897999443
trip_Biofilm_x_Nitrogen_div_Polyamines,0.027171774929981796
trip_Proline_div_Manganese_x_Calcium,0.027135062090849482
trip_Trehalose_x_Potassium_div_Glycine_Betaine,0.027125148169645064
trip_Biofilm_x_Biofilm_PEG_div_Calcium,0.027083702991877567
trip_Biofilm_x_Antioxidants_PEG_div_Potassium_PEG,0.02693226309772756
trip_Auxins_PEG_div_Trehalose_x_Proline,0.02692644454352222
trip_Biofilm_x_Proline_PEG_div_Antioxidants,0.026894062051462386
trip_Auxins_PEG_div_Trehalose_PEG_x_Antioxidants,0.026847133173888427
trip_Auxins_x_Trehalose_div_Manganese,0.02680445631669537
trip_Biofilm_x_Auxins_div_Zinc,0.02679467666981905
trip_Trehalose_div_Proline_x_Antioxidants,0.026731724389124967
trip_Nitrogen_x_Potassium_div_Zinc,0.026730090718136257
trip_Trehalose_PEG_div_Antioxidants_PEG_x_Calcium,0.026680163047240857
trip_Nitrogen_PEG_x_Potassium_div_Glycine_Betaine,0.026630772473656528
trip_Biofilm_x_Glycine_Betaine_div_Polyamines,0.02660904241160411
trip_Trehalose_PEG_div_Potassium_x_Potassium_PEG,0.026604119019584038
trip_Trehalose_x_Proline_PEG_div_Potassium,0.026590736344910715
trip_Trehalose_PEG_x_Silica_div_Zinc,0.026570930881557153
trip_Auxins_PEG_x_Nitrogen_PEG_div_Zinc,0.02655893702468637
trip_Trehalose_PEG_div_Potassium_PEG_x_Silica,0.026515766511876482
trip_Nitrogen_x_Glycine_Betaine_div_Zinc,0.026491641890977302
trip_Auxins_PEG_div_Nitrogen_x_Glycine_Betaine,0.02645845375295086
trip_Biofilm_PEG_div_Antioxidants_PEG_x_Zinc,0.026367863339780362
trip_ACC_x_ACC_PEG_div_Calcium,0.02620178591569977
trip_Biofilm_PEG_x_Auxins_div_Zinc,0.026186164504143683
trip_ACC_PEG_x_Trehalose_div_Proline,0.026182337685800583
trip_Silica_x_Manganese_div_Zinc,0.02618050589435761
trip_Biofilm_PEG_x_Nitrogen_PEG_div_Phosphate,0.026052408185615272
trip_Trehalose_div_Phosphate_x_Potassium_PEG,0.026040189221783194
trip_Antioxidants_x_Potassium_PEG_div_Polyamines,0.026017205932670873
trip_Proline_PEG_x_Antioxidants_PEG_div_Nitrogen_PEG,0.026000130713982772
trip_Auxins_div_ACC_x_Calcium,0.025992186149586205
trip_Proline_div_Nitrogen_PEG_x_Silica,0.025985875256179014
trip_Auxins_PEG_x_ACC_div_Trehalose_PEG,0.025943690738187808
trip_ACC_x_Proline_div_Phosphate,0.02593202006119455
trip_Biofilm_PEG_x_Auxins_PEG_div_Antioxidants_PEG,0.025921289304496442
trip_Trehalose_div_Proline_PEG_x_Nitrogen_PEG,0.025875322726271355
trip_Biofilm_PEG_div_Nitrogen_x_Glycine_Betaine,0.025845580962658543
trip_Biofilm_PEG_div_Trehalose_x_Proline_PEG,0.025808610764397777
trip_Biofilm_div_ACC_PEG_x_Nitrogen_PEG,0.025793572039681578
trip_Potassium_PEG_div_Silica_x_Calcium,0.025784284732007556
trip_Biofilm_PEG_div_Proline_PEG_x_Calcium,0.025772156947234004
trip_Antioxidants_PEG_div_Nitrogen_PEG_x_Manganese,0.02570736792122008
trip_Trehalose_div_Nitrogen_x_Potassium,0.0257016053146506
trip_Biofilm_x_Phosphate_div_Zinc,0.025610903837626653
trip_Auxins_PEG_div_Trehalose_PEG_x_Glycine_Betaine,0.025539793560097168
trip_ACC_x_Trehalose_PEG_div_Nitrogen_PEG,0.025530976212569945
trip_Trehalose_PEG_div_Proline_PEG_x_Potassium,0.02550915663429887
trip_Biofilm_div_ACC_x_Phosphate,0.02545678964644793
trip_Biofilm_PEG_div_Auxins_PEG_x_ACC,0.025381148441774304
trip_ACC_div_Trehalose_x_Proline_PEG,0.025284359030468995
trip_Trehalose_div_Antioxidants_x_Potassium_PEG,0.025239354751593668
trip_Trehalose_div_Potassium_x_Zinc,0.025182377678487633
trip_Biofilm_x_ACC_div_Antioxidants_PEG,0.025153732488552016
trip_Biofilm_div_Antioxidants_x_Antioxidants_PEG,0.02514875775634784
trip_Biofilm_PEG_div_Auxins_PEG_x_Nitrogen_PEG,0.025123766934392444
trip_Auxins_PEG_x_Phosphate_div_Glycine_Betaine,0.025063023598033363
trip_Trehalose_x_Proline_PEG_div_Antioxidants,0.024890241499254895
trip_Biofilm_x_ACC_PEG_div_Proline_PEG,0.02487851487462489
trip_Nitrogen_x_Glycine_Betaine_div_Polyamines,0.024875113258320036
trip_Glycine_Betaine_x_Manganese_div_Zinc,0.02480484302675956
trip_ACC_div_Potassium_x_Calcium,0.024795622856249144
trip_ACC_PEG_div_Nitrogen_x_Polyamines,0.024625810589662178
trip_Trehalose_x_Trehalose_PEG_div_Zinc,0.02462348316798013
trip_Proline_x_Antioxidants_div_Calcium,0.02460693385707602
trip_Auxins_div_Nitrogen_x_Zinc,0.024544529863220754
trip_Proline_x_Proline_PEG_div_Glycine_Betaine,0.02448130903387069
trip_Trehalose_x_Antioxidants_div_Calcium,0.02448130903387047
trip_Phosphate_div_Potassium_PEG_x_Polyamines,0.024456087839294316
trip_Biofilm_x_Trehalose_PEG_div_Manganese,0.024314204632895464
trip_Nitrogen_PEG_x_Potassium_div_Calcium,0.024304313090745433
trip_Trehalose_x_Antioxidants_div_Zinc,0.024256600946259255
trip_ACC_PEG_div_Trehalose_PEG_x_Phosphate,0.024190784146571387
trip_Proline_div_Potassium_PEG_x_Zinc,0.02410348345443203
trip_Biofilm_PEG_div_Nitrogen_x_Zinc,0.02407622576588464
trip_Biofilm_PEG_x_Proline_div_Antioxidants_PEG,0.024046637364616652
trip_Auxins_PEG_x_Trehalose_div_Nitrogen,0.02403912129329555
trip_Biofilm_PEG_x_Glycine_Betaine_div_Calcium,0.024037823308126427
trip_Biofilm_PEG_x_Proline_div_Glycine_Betaine,0.024021591911439932
trip_Trehalose_x_Proline_div_Calcium,0.024020367645509966
trip_Auxins_PEG_div_ACC_x_Antioxidants,0.023977892199808393
trip_Auxins_PEG_x_Nitrogen_div_Polyamines,0.023950254067331977
trip_Proline_div_Glycine_Betaine_x_Zinc,0.02394036252518217
trip_Trehalose_x_Antioxidants_PEG_div_Calcium,0.02388208746690701
trip_Trehalose_PEG_div_Nitrogen_x_Calcium,0.023877074558668276
trip_Auxins_x_Potassium_div_Calcium,0.023811884372510805
trip_Auxins_div_ACC_PEG_x_Calcium,0.02381148154952717
trip_Auxins_PEG_div_Trehalose_PEG_x_Proline,0.02373094723037772
trip_ACC_PEG_x_Nitrogen_PEG_div_Glycine_Betaine,0.02371084294082393
trip_Biofilm_x_Nitrogen_PEG_div_Silica,0.02366165377873153
trip_Biofilm_x_Auxins_PEG_div_ACC,0.02366008807632647
trip_Proline_PEG_div_Antioxidants_x_Zinc,0.023639565651804695
trip_Antioxidants_PEG_x_Phosphate_div_Silica,0.02360114081499254
trip_Trehalose_x_Nitrogen_div_Nitrogen_PEG,0.023565345517100544
trip_Antioxidants_x_Potassium_div_Calcium,0.023540151309031865
trip_Biofilm_x_Auxins_PEG_div_Proline,0.023492333851347302
trip_Biofilm_PEG_x_Auxins_div_Phosphate,0.02348846227489476
trip_Biofilm_x_Auxins_PEG_div_Trehalose_PEG,0.023447240056253538
trip_ACC_PEG_x_Nitrogen_div_Nitrogen_PEG,0.023424256767140994
trip_ACC_div_Calcium_x_Zinc,0.02340534646597292
trip_ACC_x_Glycine_Betaine_div_Manganese,0.023368980502187497
trip_Manganese_x_Polyamines_div_Zinc,0.023223718058537512
trip_Biofilm_PEG_div_Silica_x_Manganese,0.023201898480266436
trip_Antioxidants_x_Potassium_div_Glycine_Betaine,0.023187665401517288
trip_Proline_PEG_x_Antioxidants_PEG_div_Potassium,0.02318482326157878
trip_Biofilm_PEG_x_Trehalose_div_Proline_PEG,0.023111912301570836
trip_Nitrogen_div_Phosphate_x_Glycine_Betaine,0.023102736889169417
trip_Potassium_PEG_x_Manganese_div_Calcium,0.02308311045825251
trip_Nitrogen_x_Potassium_PEG_div_Polyamines,0.023070488671437683
trip_Auxins_PEG_div_Phosphate_x_Polyamines,0.023068071733536533
trip_ACC_PEG_div_Glycine_Betaine_x_Polyamines,0.023002612998722638
trip_Biofilm_PEG_div_Trehalose_PEG_x_Manganese,0.0229805920089603
trip_Auxins_div_Phosphate_x_Manganese,0.02297390067162408
trip_Trehalose_x_Nitrogen_PEG_div_Polyamines,0.022967701673488827
trip_Biofilm_x_ACC_PEG_div_Antioxidants_PEG,0.022948701856101872
trip_Biofilm_x_Trehalose_div_Manganese,0.0229386089024608
trip_Trehalose_div_Proline_x_Proline_PEG,0.022935990553068608
trip_ACC_PEG_x_Silica_div_Manganese,0.0228966257959613
trip_Biofilm_PEG_div_Nitrogen_x_Potassium,0.022878789689416257
trip_Nitrogen_x_Silica_div_Calcium,0.022855425956374686
trip_Biofilm_PEG_div_ACC_PEG_x_Potassium_PEG,0.022810511193717575
trip_ACC_PEG_div_Nitrogen_PEG_x_Manganese,0.02280149243469931
trip_Biofilm_x_Auxins_div_Polyamines,0.022798672673814968
trip_Auxins_x_Proline_PEG_div_Zinc,0.02271819759333993
trip_ACC_div_Antioxidants_PEG_x_Manganese,0.022696266119795583
trip_Auxins_PEG_x_Nitrogen_PEG_div_Polyamines,0.02266873988259177
trip_Trehalose_div_Phosphate_x_Zinc,0.02260630232015437
trip_Trehalose_PEG_div_Potassium_PEG_x_Calcium,0.022529788332349865
trip_Auxins_PEG_div_Potassium_PEG_x_Silica,0.022514682470469838
trip_Trehalose_div_Proline_x_Antioxidants_PEG,0.022503470564096517
trip_Proline_PEG_x_Glycine_Betaine_div_Manganese,0.02249445180507803
trip_Auxins_PEG_div_ACC_x_Antioxidants_PEG,0.022485981332897476
trip_Antioxidants_PEG_x_Potassium_div_Calcium,0.02246826831115234
trip_Auxins_PEG_x_ACC_div_Zinc,0.022431902347366917
trip_Trehalose_PEG_div_Antioxidants_PEG_x_Nitrogen_PEG,0.02240484607031079
trip_Potassium_div_Silica_x_Calcium,0.022346078672833558
trip_Potassium_PEG_x_Silica_div_Polyamines,0.022224582785209
trip_Nitrogen_PEG_x_Silica_div_Manganese,0.02220963357671124
trip_ACC_PEG_div_Phosphate_x_Potassium,0.022205672484040484
trip_Antioxidants_x_Potassium_div_Potassium_PEG,0.02220263766251973
trip_Biofilm_x_ACC_PEG_div_Glycine_Betaine,0.022180742217174698
trip_Auxins_x_Auxins_PEG_div_Glycine_Betaine,0.02217734060086962
trip_Phosphate_div_Silica_x_Zinc,0.02207717195231429
trip_Biofilm_PEG_x_Antioxidants_PEG_div_Phosphate,0.02200036703679964
trip_Biofilm_PEG_div_Phosphate_x_Zinc,0.021992892432551425
trip_Biofilm_PEG_div_Nitrogen_PEG_x_Zinc,0.021992892432551425
trip_Biofilm_PEG_div_Phosphate_x_Potassium,0.021924143976705723
trip_Biofilm_x_Biofilm_PEG_div_Antioxidants_PEG,0.021895017637095338
trip_Trehalose_x_Glycine_Betaine_div_Calcium,0.021886614302079277
trip_Auxins_div_Auxins_PEG_x_Zinc,0.021808556159505166
trip_Biofilm_PEG_div_Auxins_x_Polyamines,0.02177993334862416
trip_ACC_PEG_div_Trehalose_x_Nitrogen,0.021775938687371044
trip_ACC_div_Trehalose_x_Phosphate,0.02173571233666083
trip_ACC_div_Nitrogen_x_Potassium,0.021729602854745345
trip_Auxins_div_Trehalose_PEG_x_Zinc,0.021721949218059367
trip_Proline_x_Antioxidants_div_Nitrogen,0.02170024153506156
trip_Proline_x_Glycine_Betaine_div_Zinc,0.021680145143996743
trip_Auxins_PEG_x_Proline_PEG_div_Polyamines,0.021677817722314918
trip_ACC_x_Antioxidants_div_Polyamines,0.021659332623184424
trip_ACC_PEG_div_Proline_x_Polyamines,0.021633596710351588
trip_Auxins_div_ACC_PEG_x_Trehalose,0.021619833591749682
trip_Antioxidants_PEG_div_Glycine_Betaine_x_Manganese,0.021546318397267283
trip_Auxins_div_Polyamines_x_Zinc,0.02149592076622464
trip_Biofilm_x_Trehalose_div_Phosphate,0.021492787698574878
trip_Biofilm_x_Proline_PEG_div_Manganese,0.02146078565044407
trip_Biofilm_PEG_x_Nitrogen_div_Potassium,0.021348890377258734
trip_Auxins_x_Nitrogen_PEG_div_Zinc,0.021205642048526263
trip_Trehalose_x_Proline_div_Silica,0.021201680955855284
trip_Biofilm_div_Trehalose_PEG_x_Polyamines,0.021184516220948524
trip_Auxins_PEG_x_Trehalose_PEG_div_Zinc,0.021127964349880957
trip_Antioxidants_PEG_x_Phosphate_div_Glycine_Betaine,0.02106530382831706
trip_Auxins_div_ACC_PEG_x_Zinc,0.021040507004359332
trip_Biofilm_PEG_x_Glycine_Betaine_div_Polyamines,0.02100975818328732
trip_Auxins_x_Auxins_PEG_div_Nitrogen,0.021007229350113343
trip_Proline_PEG_div_Antioxidants_PEG_x_Zinc,0.020996196476177564
trip_Auxins_x_ACC_PEG_div_Nitrogen_PEG,0.020992179435870284
trip_Silica_x_Calcium_div_Polyamines,0.020957682123146748
trip_Biofilm_PEG_x_Proline_PEG_div_Manganese,0.02093537020567382
trip_Auxins_div_Trehalose_PEG_x_Proline_PEG,0.02089135060520242
trip_ACC_x_Trehalose_div_Nitrogen_PEG,0.020888150400389494
trip_Biofilm_PEG_div_Auxins_PEG_x_Zinc,0.020799506964972236
trip_ACC_PEG_x_Proline_PEG_div_Antioxidants_PEG,0.020792547078979595
trip_Trehalose_PEG_x_Nitrogen_div_Glycine_Betaine,0.020691281856746402
trip_Antioxidants_PEG_div_Potassium_x_Calcium,0.02067519131646245
trip_ACC_div_Proline_PEG_x_Glycine_Betaine,0.020635244703935518
trip_Biofilm_PEG_x_Trehalose_div_Potassium_PEG,0.020579856543708752
trip_Nitrogen_div_Nitrogen_PEG_x_Polyamines,0.02055512768833445
trip_Auxins_div_Proline_x_Phosphate,0.020498572526228775
trip_ACC_PEG_x_Antioxidants_PEG_div_Calcium,0.020420719086184036
trip_Trehalose_x_Antioxidants_div_Nitrogen_PEG,0.02040093600188464
trip_Auxins_div_Auxins_PEG_x_Calcium,0.020378154124264247
trip_Auxins_PEG_x_Phosphate_div_Silica,0.020349844620147994
trip_Trehalose_div_Antioxidants_x_Nitrogen_PEG,0.020343824654450948
trip_Auxins_div_Potassium_x_Calcium,0.02023492817458661
trip_Biofilm_PEG_div_Auxins_x_Proline,0.020189632968001137
trip_ACC_x_Nitrogen_div_Phosphate,0.02018663417467992
trip_ACC_div_ACC_PEG_x_Trehalose,0.020176451704819742
trip_Auxins_div_Glycine_Betaine_x_Zinc,0.02010982925916527
trip_Trehalose_PEG_x_Nitrogen_PEG_div_Silica,0.020087629236964943
trip_Nitrogen_PEG_div_Potassium_PEG_x_Glycine_Betaine,0.020072120552101724
trip_Proline_PEG_div_Antioxidants_x_Silica,0.020033136238923666
trip_Proline_PEG_div_Antioxidants_PEG_x_Calcium,0.0199777480786969
trip_Biofilm_PEG_div_Potassium_x_Glycine_Betaine,0.019956241807190356
trip_Auxins_x_ACC_PEG_div_Proline,0.019944492803506186
trip_Proline_PEG_div_Antioxidants_x_Calcium,0.01993361658295245
trip_Auxins_x_Nitrogen_PEG_div_Polyamines,0.01991674277575628
trip_Biofilm_div_ACC_PEG_x_Trehalose_PEG,0.019901413123329714
trip_Proline_div_Polyamines_x_Zinc,0.01989850384622671
trip_Proline_x_Proline_PEG_div_Manganese,0.019888030448656613
trip_Proline_div_Glycine_Betaine_x_Manganese,0.01984730056921702
trip_Biofilm_PEG_div_Phosphate_x_Calcium,0.019845847593505495
trip_Biofilm_PEG_x_Nitrogen_PEG_div_Glycine_Betaine,0.019811807388562697
trip_Auxins_x_Trehalose_div_Proline_PEG,0.019804937018788937
trip_Biofilm_x_Auxins_div_Potassium_PEG,0.01980104306328223
trip_Biofilm_PEG_div_Trehalose_PEG_x_Zinc,0.01977515049706713
trip_Glycine_Betaine_x_Silica_div_Calcium,0.019767608755654198
trip_Biofilm_PEG_div_ACC_PEG_x_Trehalose_PEG,0.01974509542668912
trip_Biofilm_x_Manganese_div_Polyamines,0.01972947484655241
trip_Proline_PEG_x_Nitrogen_div_Manganese,0.01970774149346255
trip_Auxins_div_Phosphate_x_Zinc,0.019696420982853846
trip_Auxins_PEG_x_ACC_div_Silica,0.01967518326000306
trip_Auxins_div_Proline_x_Zinc,0.01964472536664208
trip_Biofilm_PEG_x_ACC_PEG_div_Trehalose,0.01960070576617068
trip_ACC_div_Trehalose_PEG_x_Calcium,0.019586595772222104
trip_Biofilm_PEG_div_Potassium_PEG_x_Polyamines,0.019524370810803493
trip_ACC_x_Proline_div_Antioxidants_PEG,0.01952378895538276
trip_Biofilm_x_Biofilm_PEG_div_Trehalose,0.01951942503972859
trip_Biofilm_PEG_div_Manganese_x_Calcium,0.019460859053743285
trip_Antioxidants_PEG_x_Nitrogen_PEG_div_Zinc,0.019384576754975624
trip_Auxins_x_ACC_PEG_div_Glycine_Betaine,0.019351000274529406
trip_Auxins_x_Trehalose_PEG_div_Zinc,0.019350888379256137
trip_Nitrogen_x_Silica_div_Zinc,0.019314713468855604
trip_Auxins_PEG_div_Nitrogen_x_Potassium_PEG,0.019159860768873882
trip_Biofilm_x_Proline_div_Silica,0.019158092823557515
trip_Proline_PEG_x_Antioxidants_div_Nitrogen_PEG,0.019114629408414796
trip_Biofilm_x_Silica_div_Manganese,0.019101652847762995
trip_Auxins_div_ACC_PEG_x_Proline,0.01908623367911777
trip_ACC_x_ACC_PEG_div_Glycine_Betaine,0.019085987509516844
trip_Trehalose_x_Trehalose_PEG_div_Potassium,0.019032546327043542
trip_Trehalose_PEG_div_Nitrogen_PEG_x_Polyamines,0.018983536197388018
trip_Nitrogen_PEG_x_Manganese_div_Polyamines,0.01886861975182641
trip_ACC_PEG_x_Nitrogen_div_Glycine_Betaine,0.018848769530363185
trip_ACC_x_Trehalose_div_Phosphate,0.018842928597103015
trip_ACC_x_Proline_PEG_div_Antioxidants,0.018786869065236855
trip_Biofilm_PEG_div_Auxins_x_Zinc,0.018779886800190937
trip_Biofilm_PEG_x_Auxins_div_Antioxidants,0.01869941171971523
trip_Glycine_Betaine_div_Calcium_x_Zinc,0.018644515898690095
trip_Auxins_div_Proline_PEG_x_Antioxidants,0.018632520725405
trip_Biofilm_x_Proline_div_Antioxidants,0.01861542312766251
trip_Biofilm_PEG_div_Auxins_PEG_x_Phosphate,0.018611115159644198
trip_ACC_PEG_x_Manganese_div_Zinc,0.01855790895724474
trip_Biofilm_div_Auxins_PEG_x_Nitrogen_PEG,0.01854367258745815
trip_Biofilm_div_Proline_PEG_x_Phosphate,0.01850652664779795
trip_Auxins_div_Potassium_PEG_x_Zinc,0.018496142766446733
trip_Auxins_div_ACC_x_Zinc,0.018352334961348582
trip_Trehalose_PEG_x_Potassium_PEG_div_Zinc,0.01833769905961513
trip_ACC_x_Trehalose_PEG_div_Manganese,0.018326095519786145
trip_Biofilm_PEG_x_Auxins_PEG_div_Calcium,0.01831491718199474
trip_Auxins_x_Proline_div_Phosphate,0.018288532276577785
trip_ACC_x_Proline_div_Antioxidants,0.01828821896981303
trip_Auxins_div_Antioxidants_x_Calcium,0.018279603033777514
trip_Biofilm_PEG_div_Antioxidants_x_Glycine_Betaine,0.018209198527888937
trip_ACC_x_Trehalose_div_Antioxidants,0.018135884744898245
trip_Biofilm_PEG_div_Calcium_x_Polyamines,0.018109790767190992
trip_Proline_PEG_x_Antioxidants_PEG_div_Polyamines,0.01810668007859717
trip_Antioxidants_x_Silica_div_Calcium,0.01805628244755364
trip_Proline_div_Silica_x_Zinc,0.018048785464250594
trip_ACC_x_Antioxidants_PEG_div_Calcium,0.018000692875835167
trip_Biofilm_PEG_div_Nitrogen_PEG_x_Calcium,0.017968460455083157
trip_Biofilm_PEG_div_ACC_x_Phosphate,0.017838620471115618
trip_ACC_PEG_x_Trehalose_div_Trehalose_PEG,0.017832510989199468
trip_Calcium_x_Polyamines_div_Zinc,0.01783076213190027
trip_ACC_x_ACC_PEG_div_Phosphate,0.01782759088821706
trip_Biofilm_x_Proline_div_Proline_PEG,0.017722565984804817
trip_Antioxidants_div_Nitrogen_PEG_x_Polyamines,0.01768687139265901
trip_ACC_PEG_x_Nitrogen_PEG_div_Potassium,0.01768587552472778
trip_Biofilm_div_ACC_PEG_x_Trehalose,0.017655786885767633
trip_Antioxidants_PEG_div_Phosphate_x_Potassium,0.01760686627233099
trip_Auxins_x_Antioxidants_div_Potassium,0.017605143085124064
trip_Auxins_PEG_x_Proline_div_Polyamines,0.017600465862704917
trip_Auxins_PEG_x_Proline_div_Nitrogen_PEG,0.017561772477237003
trip_Trehalose_x_Manganese_div_Zinc,0.017517551465274117
trip_Antioxidants_div_Silica_x_Polyamines,0.01751464218817156
trip_Antioxidants_PEG_x_Nitrogen_div_Silica,0.017498350236395677
trip_Auxins_div_Calcium_x_Zinc,0.01749826072017724
trip_Auxins_PEG_x_Proline_div_Antioxidants,0.01749002983552317
trip_Proline_PEG_div_Potassium_x_Polyamines,0.017476239730414234
trip_ACC_PEG_div_Trehalose_x_Antioxidants_PEG,0.017402254575783926
trip_Trehalose_PEG_div_Antioxidants_x_Potassium,0.017373072288537017
trip_ACC_x_ACC_PEG_div_Manganese,0.017371237206056378
trip_Biofilm_PEG_div_Proline_PEG_x_Zinc,0.017304883309058106
trip_ACC_div_Trehalose_x_Zinc,0.0172806467928861
trip_Auxins_PEG_x_Trehalose_div_Antioxidants,0.01725873769839592
trip_ACC_PEG_div_Potassium_x_Potassium_PEG,0.01725504515438092
trip_Biofilm_PEG_x_Manganese_div_Calcium,0.017251263094147262
trip_ACC_div_Proline_x_Polyamines,0.017239133646533622
trip_Auxins_x_Phosphate_div_Potassium,0.017214460738796733
trip_Biofilm_PEG_div_Trehalose_PEG_x_Calcium,0.017209430058955366
trip_ACC_x_Proline_div_Zinc,0.017196949128543082
trip_Proline_PEG_div_Nitrogen_x_Zinc,0.01718795274857876
trip_Antioxidants_div_Nitrogen_PEG_x_Potassium_PEG,0.017148039704633078
trip_Trehalose_x_Nitrogen_PEG_div_Calcium,0.017137823666191876
trip_Auxins_div_Antioxidants_x_Glycine_Betaine,0.017061925102389575
trip_Proline_PEG_div_Nitrogen_x_Polyamines,0.017041123771105005
trip_Auxins_x_Antioxidants_div_Phosphate,0.016969734586812057
trip_Biofilm_PEG_div_Auxins_x_Trehalose,0.016950555736988004
trip_Auxins_div_Nitrogen_x_Phosphate,0.016921149659195223
trip_Biofilm_PEG_div_Auxins_PEG_x_Calcium,0.016917861601003503
trip_Trehalose_div_Polyamines_x_Zinc,0.01691154904475556
trip_Biofilm_x_Trehalose_PEG_div_Polyamines,0.01684899958704511
trip_Manganese_div_Calcium_x_Polyamines,0.016829529809510912
trip_Biofilm_x_Silica_div_Zinc,0.016807799747458274
trip_Trehalose_div_Potassium_PEG_x_Zinc,0.0167818400440789
trip_Nitrogen_PEG_x_Potassium_PEG_div_Manganese,0.016778304153446832
trip_Trehalose_x_Silica_div_Zinc,0.01677539487634383
trip_Proline_PEG_x_Glycine_Betaine_div_Zinc,0.016728667410261355
trip_Biofilm_PEG_div_Auxins_PEG_x_Nitrogen,0.0167114355381901
trip_Biofilm_x_Glycine_Betaine_div_Calcium,0.01669660941449358
trip_ACC_PEG_x_Nitrogen_div_Potassium,0.016692100034984447
trip_Antioxidants_PEG_div_Phosphate_x_Calcium,0.01667522622778783
trip_Auxins_PEG_div_Proline_PEG_x_Nitrogen,0.01665747963746056
trip_ACC_PEG_div_Proline_x_Antioxidants_PEG,0.01665368392808264
trip_Biofilm_PEG_x_Nitrogen_PEG_div_Zinc,0.01661093120381607
trip_Biofilm_x_Nitrogen_PEG_div_Zinc,0.016506186038586224
trip_Nitrogen_x_Phosphate_div_Calcium,0.016503601257775502
trip_ACC_PEG_x_Proline_div_Antioxidants,0.01649348592507982
trip_Biofilm_div_Silica_x_Zinc,0.016439776193950983
trip_Trehalose_div_Antioxidants_PEG_x_Polyamines,0.016419881214378762
trip_Auxins_PEG_x_ACC_PEG_div_Proline_PEG,0.016356168045826402
trip_ACC_x_Trehalose_PEG_div_Zinc,0.01634211399951435
trip_Auxins_PEG_div_Nitrogen_x_Nitrogen_PEG,0.016329984551900933
trip_Auxins_PEG_x_Trehalose_PEG_div_Manganese,0.016256961696619943
trip_ACC_div_Manganese_x_Calcium,0.016249397576152624
trip_Auxins_div_Proline_PEG_x_Zinc,0.016201797326939937
trip_Auxins_PEG_div_ACC_PEG_x_Silica,0.016193785625379542
trip_Biofilm_PEG_div_Nitrogen_x_Polyamines,0.01617375637147922
trip_Biofilm_PEG_div_Proline_PEG_x_Glycine_Betaine,0.016157867242686974
trip_ACC_PEG_x_Proline_div_Antioxidants_PEG,0.016154846070311146
trip_Biofilm_PEG_div_Trehalose_PEG_x_Antioxidants,0.016109752275216938
trip_Nitrogen_x_Potassium_div_Silica,0.016106552070404234
trip_Biofilm_PEG_div_Proline_x_Potassium_PEG,0.01606785868493632
trip_Biofilm_PEG_div_Proline_x_Glycine_Betaine,0.016059153232682588
trip_Auxins_PEG_div_Proline_x_Nitrogen,0.015958671277362058
trip_Potassium_div_Calcium_x_Polyamines,0.015885737938299505
trip_Biofilm_PEG_div_Antioxidants_x_Zinc,0.015883410516617902
trip_Antioxidants_x_Antioxidants_PEG_div_Potassium,0.015862754649187405
trip_Biofilm_PEG_div_Nitrogen_PEG_x_Glycine_Betaine,0.015780444486231948
trip_ACC_PEG_div_Phosphate_x_Zinc,0.01574317217073351
trip_Auxins_div_Trehalose_PEG_x_Antioxidants,0.01572892790245728
trip_Auxins_x_Trehalose_PEG_div_Potassium_PEG,0.015527605926941357
trip_ACC_div_Glycine_Betaine_x_Calcium,0.01552702407152129
trip_Auxins_PEG_div_Antioxidants_PEG_x_Silica,0.015515585083564432
trip_Auxins_div_Proline_PEG_x_Phosphate,0.015498222228203185
trip_Trehalose_div_Nitrogen_x_Nitrogen_PEG,0.01549426113553265
trip_Trehalose_div_Glycine_Betaine_x_Manganese,0.01539659894109624
trip_ACC_x_Potassium_PEG_div_Polyamines,0.015391451758529406
trip_Trehalose_PEG_x_Manganese_div_Polyamines,0.015232605228715279
trip_Auxins_PEG_x_Glycine_Betaine_div_Polyamines,0.015222042314926743
trip_ACC_div_Potassium_x_Zinc,0.01514232812230909
trip_Trehalose_PEG_div_Nitrogen_x_Potassium_PEG,0.01507025637685011
trip_Antioxidants_x_Phosphate_div_Zinc,0.015055049809224563
trip_Phosphate_div_Silica_x_Calcium,0.01501170158039189
trip_Auxins_div_Potassium_x_Polyamines,0.014998699349648259
trip_Proline_PEG_div_Glycine_Betaine_x_Zinc,0.014978737232911765
trip_Auxins_div_Antioxidants_x_Antioxidants_PEG,0.014931696460064314
trip_Auxins_x_Proline_PEG_div_Antioxidants_PEG,0.014906587160761653
trip_Biofilm_div_Antioxidants_PEG_x_Zinc,0.01487548027481611
trip_Trehalose_PEG_div_Nitrogen_PEG_x_Glycine_Betaine,0.014818877063563773
trip_Trehalose_div_Nitrogen_x_Manganese,0.014795922735581168
trip_Auxins_x_Manganese_div_Zinc,0.01472717427973591
trip_ACC_div_Potassium_PEG_x_Glycine_Betaine,0.014708375873840662
trip_Auxins_div_Manganese_x_Zinc,0.014690976158860503
trip_Auxins_PEG_x_Antioxidants_div_Glycine_Betaine,0.014665587121374557
trip_Antioxidants_PEG_div_Manganese_x_Polyamines,0.014602657219735082
trip_Biofilm_PEG_div_Proline_x_Zinc,0.014600419314271695
trip_Auxins_PEG_x_Phosphate_div_Manganese,0.014584060225331763
trip_Biofilm_x_Phosphate_div_Manganese,0.014505867808429107
trip_Auxins_div_Auxins_PEG_x_Antioxidants,0.014500049254223546
trip_Proline_PEG_div_Phosphate_x_Zinc,0.014499780705568233
trip_Biofilm_x_Auxins_div_Proline,0.014483175447027374
trip_Biofilm_PEG_div_Potassium_PEG_x_Zinc,0.014398806411046072
trip_Silica_x_Manganese_div_Polyamines,0.014348677328658521
trip_Biofilm_div_Proline_PEG_x_Nitrogen_PEG,0.014301927483521215
trip_Antioxidants_PEG_x_Nitrogen_div_Glycine_Betaine,0.014279839356594826
trip_Antioxidants_x_Potassium_PEG_div_Silica,0.014258780666180693
trip_Auxins_div_Auxins_PEG_x_Manganese,0.014224451196367838
trip_Biofilm_PEG_x_Trehalose_PEG_div_Calcium,0.014193374587966545
trip_Proline_PEG_x_Antioxidants_div_Silica,0.014186339666320658
trip_Antioxidants_PEG_x_Potassium_div_Zinc,0.014168928761813193
trip_Proline_div_Nitrogen_PEG_x_Zinc,0.014157246895292408
trip_Trehalose_div_Proline_x_Manganese,0.013999362664827597
trip_ACC_PEG_div_Proline_PEG_x_Nitrogen,0.01397823683725008
trip_Auxins_x_Auxins_PEG_div_Proline,0.013968837634302123
trip_Phosphate_x_Silica_div_Zinc,0.013919648472209945
trip_Auxins_x_ACC_div_Antioxidants_PEG,0.013910629713191458
trip_Biofilm_PEG_div_Potassium_x_Zinc,0.013851571388004302
trip_Auxins_PEG_x_Phosphate_div_Potassium,0.0138410084742151
trip_Biofilm_PEG_x_Auxins_PEG_div_Nitrogen_PEG,0.013808571697358607
trip_Biofilm_PEG_div_Potassium_x_Silica,0.013803702590135636
trip_Auxins_div_Nitrogen_x_Calcium,0.013789312858003555
trip_Biofilm_x_Biofilm_PEG_div_Phosphate,0.013788261042435579
trip_Biofilm_PEG_x_Auxins_div_Calcium,0.01377760861242816
trip_Auxins_PEG_x_ACC_PEG_div_Calcium,0.013726961520746928
trip_Biofilm_PEG_div_Proline_x_Nitrogen_PEG,0.013721728112999765
trip_ACC_div_Antioxidants_PEG_x_Glycine_Betaine,0.013674915738150828
trip_Proline_x_Phosphate_div_Zinc,0.013666563743318871
trip_Auxins_div_Auxins_PEG_x_ACC,0.013652487317951989
trip_Auxins_div_Nitrogen_PEG_x_Zinc,0.013648033886079824
trip_Biofilm_x_ACC_PEG_div_Nitrogen,0.013562411623037729
trip_Proline_x_Calcium_div_Polyamines,0.013555138430280778
trip_Biofilm_div_Potassium_x_Zinc,0.013544195072563436
trip_Biofilm_PEG_div_ACC_PEG_x_Zinc,0.013537951316319852
trip_ACC_PEG_x_Nitrogen_PEG_div_Silica,0.013509440400711892
trip_Proline_PEG_div_Nitrogen_PEG_x_Zinc,0.013459915552799906
trip_Auxins_x_Calcium_div_Zinc,0.013446078714959508
trip_Auxins_x_Phosphate_div_Zinc,0.013437133675178847
trip_Auxins_PEG_div_Trehalose_x_Nitrogen_PEG,0.01343118084664563
trip_Proline_PEG_div_Glycine_Betaine_x_Silica,0.01336728864565706
trip_Biofilm_x_Proline_div_Calcium,0.01336456713090084
trip_Nitrogen_PEG_x_Glycine_Betaine_div_Zinc,0.013350213426968738
trip_ACC_div_Trehalose_x_Glycine_Betaine,0.013342000313916635
trip_ACC_PEG_x_Potassium_PEG_div_Glycine_Betaine,0.013335398492798856
trip_Proline_PEG_div_Antioxidants_x_Nitrogen_PEG,0.013325395055376221
trip_Antioxidants_PEG_x_Nitrogen_div_Zinc,0.013312445481231228
trip_Trehalose_div_Antioxidants_PEG_x_Potassium,0.0132702978228596
trip_Trehalose_div_Potassium_PEG_x_Manganese,0.01325662422047591
trip_Antioxidants_x_Silica_div_Polyamines,0.01323567742533549
trip_Biofilm_PEG_div_Antioxidants_x_Nitrogen_PEG,0.013187674353139167
trip_ACC_PEG_x_Antioxidants_PEG_div_Manganese,0.013181676766496508
trip_Auxins_x_ACC_div_Proline_PEG,0.013135799704490303
trip_Auxins_PEG_x_Silica_div_Polyamines,0.013114360570148031
trip_Auxins_div_Proline_x_Silica,0.013076360935374343
trip_Trehalose_x_Proline_div_Phosphate,0.013070251453458415
trip_Biofilm_PEG_div_Silica_x_Calcium,0.013043575620330872
trip_Auxins_div_Proline_x_Nitrogen_PEG,0.012947569475937337
trip_Auxins_div_Potassium_x_Zinc,0.012924295259115315
trip_Antioxidants_x_Antioxidants_PEG_div_Phosphate,0.01289898454832028
trip_Biofilm_div_Trehalose_PEG_x_Antioxidants,0.012848855465933173
trip_Biofilm_PEG_div_Silica_x_Polyamines,0.01281354131771617
trip_Trehalose_PEG_div_Nitrogen_PEG_x_Silica,0.012758265052762008
trip_Biofilm_PEG_x_Auxins_PEG_div_Manganese,0.012723324766398258
trip_Potassium_x_Potassium_PEG_div_Zinc,0.012692537769293244
trip_Proline_PEG_x_Potassium_PEG_div_Silica,0.012630838715658177
trip_Biofilm_PEG_x_Proline_div_Zinc,0.01256135175100992
trip_ACC_div_Potassium_PEG_x_Calcium,0.012541645018779635
trip_Trehalose_div_Proline_PEG_x_Phosphate,0.012516996464718932
trip_Biofilm_PEG_x_Nitrogen_div_Calcium,0.012489738776171322
trip_Glycine_Betaine_div_Manganese_x_Zinc,0.012473961542651901
trip_Biofilm_div_Auxins_PEG_x_Polyamines,0.012460757900416342
trip_Biofilm_x_Nitrogen_div_Phosphate,0.012371532609577907
trip_Auxins_PEG_div_Antioxidants_x_Antioxidants_PEG,0.012349354966432857
trip_Biofilm_PEG_x_Auxins_div_ACC_PEG,0.012345841454854733
trip_ACC_PEG_div_Phosphate_x_Silica,0.012289222446622672
trip_ACC_PEG_x_Trehalose_div_Antioxidants,0.01228201639102977
trip_Trehalose_x_Proline_div_Glycine_Betaine,0.012247216961069007
trip_Biofilm_PEG_div_Trehalose_x_Zinc,0.012238668162197763
trip_Biofilm_PEG_x_ACC_div_Glycine_Betaine,0.01222815790500853
trip_Auxins_PEG_x_Antioxidants_PEG_div_Potassium_PEG,0.012206864234520776
trip_Auxins_PEG_div_Nitrogen_PEG_x_Potassium_PEG,0.012186994925040606
trip_Biofilm_PEG_div_Manganese_x_Polyamines,0.012100387983595029
trip_ACC_PEG_div_Potassium_PEG_x_Polyamines,0.012092331523925637
trip_Auxins_x_ACC_div_Nitrogen,0.012080313971585044
trip_Biofilm_div_Silica_x_Polyamines,0.011981197138597688
trip_Proline_PEG_x_Nitrogen_div_Calcium,0.011971551766048805
trip_Trehalose_x_Proline_PEG_div_Polyamines,0.011952104367568994
trip_Biofilm_PEG_x_Trehalose_div_Proline,0.01192417530738199
trip_ACC_x_ACC_PEG_div_Potassium_PEG,0.01191750634910016
trip_Biofilm_PEG_x_Potassium_PEG_div_Polyamines,0.011907413395458866
trip_Trehalose_x_Phosphate_div_Polyamines,0.011885190994204153
trip_ACC_PEG_x_Silica_div_Polyamines,0.011862084620291258
trip_Antioxidants_PEG_div_Nitrogen_PEG_x_Polyamines,0.011850011120314585
trip_Antioxidants_PEG_x_Nitrogen_PEG_div_Potassium,0.011849988741259754
trip_Proline_PEG_div_Potassium_PEG_x_Zinc,0.011811608662557482
trip_Auxins_div_Silica_x_Manganese,0.01177667495826884
trip_ACC_PEG_x_Proline_PEG_div_Nitrogen_PEG,0.011728492853635197
trip_Auxins_PEG_div_Trehalose_PEG_x_Nitrogen_PEG,0.011712089006586046
trip_ACC_PEG_div_Proline_PEG_x_Potassium_PEG,0.011693380116909458
trip_Auxins_PEG_div_Trehalose_x_Potassium_PEG,0.01155728189613403
trip_Antioxidants_x_Nitrogen_div_Zinc,0.01144268994686426
trip_Auxins_div_Proline_x_Manganese,0.011395850585509182
trip_Auxins_div_Potassium_x_Manganese,0.011357448127751857
trip_Trehalose_div_Nitrogen_PEG_x_Zinc,0.011229865137265538
trip_Auxins_PEG_div_ACC_PEG_x_Phosphate,0.01116915076203484
trip_Trehalose_PEG_x_Antioxidants_PEG_div_Zinc,0.011159169703666594
trip_Proline_PEG_x_Antioxidants_PEG_div_Calcium,0.011152366471056885
trip_Proline_div_Manganese_x_Zinc,0.011091540200553363
trip_ACC_PEG_div_Antioxidants_PEG_x_Manganese,0.011076523854891995
trip_Auxins_div_Auxins_PEG_x_Phosphate,0.011037942364697795
trip_Biofilm_PEG_div_Trehalose_x_Glycine_Betaine,0.01101204979848247
trip_Nitrogen_PEG_x_Manganese_div_Zinc,0.011005940316566543
trip_Biofilm_x_Trehalose_div_Nitrogen_PEG,0.010989916913446418
trip_Auxins_x_Proline_PEG_div_Nitrogen_PEG,0.01097944351587632
trip_Proline_PEG_div_Polyamines_x_Zinc,0.010967604995973268
trip_Auxins_div_Nitrogen_PEG_x_Calcium,0.01093833319250792
trip_ACC_x_Nitrogen_PEG_div_Potassium,0.010905547877464228
trip_Biofilm_PEG_div_ACC_x_Polyamines,0.0108957458515333
trip_Biofilm_PEG_div_Phosphate_x_Potassium_PEG,0.010868711953532006
trip_Trehalose_PEG_x_Nitrogen_div_Potassium_PEG,0.01076601447180181
trip_Biofilm_PEG_x_Potassium_div_Glycine_Betaine,0.01075883079526374
trip_Silica_div_Calcium_x_Polyamines,0.010740211421805368
trip_Auxins_PEG_x_Proline_div_Silica,0.010735735610877928
trip_Biofilm_x_Auxins_PEG_div_Nitrogen,0.010658054621194957
trip_ACC_x_Antioxidants_div_Silica,0.010645690193508361
trip_Antioxidants_div_Antioxidants_PEG_x_Potassium_PEG,0.010596493132925655
trip_Auxins_div_Proline_PEG_x_Calcium,0.010586310663065701
trip_Auxins_PEG_div_Trehalose_PEG_x_Proline_PEG,0.01058008928587717
trip_Proline_x_Nitrogen_PEG_div_Glycine_Betaine,0.0105768890810638
trip_Auxins_div_Antioxidants_x_Nitrogen_PEG,0.010527722298025788
trip_Biofilm_PEG_div_Nitrogen_x_Calcium,0.010520361251890264
trip_Biofilm_x_Proline_div_Antioxidants_PEG,0.010418240671703716
trip_Trehalose_PEG_x_Phosphate_div_Zinc,0.01039420885806086
trip_Antioxidants_x_Antioxidants_PEG_div_Glycine_Betaine,0.01038830078763664
trip_ACC_div_Potassium_x_Polyamines,0.010348510828491975
trip_Auxins_x_Potassium_PEG_div_Silica,0.010323983384609381
trip_ACC_PEG_x_Antioxidants_div_Silica,0.010295584364274912
trip_Antioxidants_x_Glycine_Betaine_div_Zinc,0.010273708838366868
trip_Auxins_x_Proline_PEG_div_Nitrogen,0.010237376443163582
trip_Proline_PEG_div_Potassium_x_Zinc,0.010198705436750943
trip_ACC_PEG_div_Antioxidants_PEG_x_Phosphate,0.010152973838600143
trip_Auxins_x_ACC_PEG_div_Polyamines,0.010148643491527665
trip_ACC_PEG_div_Antioxidants_PEG_x_Potassium,0.010133019620353734
trip_Auxins_PEG_div_Proline_x_Potassium,0.010096679326660363
trip_Auxins_PEG_x_Manganese_div_Zinc,0.010088969742337861
trip_Biofilm_PEG_div_Auxins_PEG_x_Potassium_PEG,0.010085713589887746
trip_Auxins_div_Glycine_Betaine_x_Polyamines,0.010061275662224034
trip_ACC_PEG_x_Trehalose_PEG_div_Phosphate,0.010053912953248645
trip_Proline_PEG_div_Antioxidants_PEG_x_Nitrogen_PEG,0.010001076005250242
trip_ACC_div_Nitrogen_x_Nitrogen_PEG,0.009975161059980753
trip_Biofilm_PEG_div_Nitrogen_PEG_x_Potassium,0.009969364884829801
trip_Proline_div_Proline_PEG_x_Nitrogen,0.009927247504002201
trip_ACC_PEG_x_Antioxidants_PEG_div_Zinc,0.009921719877507229
trip_Biofilm_div_Biofilm_PEG_x_Trehalose,0.009917378340907668
trip_ACC_x_Potassium_div_Calcium,0.009916002029047855
trip_Trehalose_div_Trehalose_PEG_x_Manganese,0.009915028540170567
trip_Auxins_x_ACC_div_Proline,0.009903883770961297
trip_Biofilm_PEG_x_Proline_PEG_div_Calcium,0.00988465358095314
trip_Auxins_x_ACC_div_Potassium,0.009850688758089365
trip_ACC_PEG_x_Trehalose_PEG_div_Zinc,0.009832695998160723
trip_Biofilm_PEG_x_Trehalose_div_Polyamines,0.009828041154796407
trip_Auxins_PEG_x_Antioxidants_PEG_div_Nitrogen,0.009792257046431718
trip_Biofilm_div_Nitrogen_x_Zinc,0.009748752164217223
trip_Biofilm_PEG_div_Auxins_x_ACC_PEG,0.00971167007068341
trip_Trehalose_PEG_div_Potassium_x_Silica,0.009671723458156034
trip_ACC_div_Potassium_x_Manganese,0.009658631711193744
trip_Antioxidants_div_Phosphate_x_Potassium_PEG,0.009636140761283052
trip_Auxins_x_Antioxidants_div_Manganese,0.009632828661196857
trip_Biofilm_PEG_div_ACC_x_Zinc,0.009617700420262443
trip_ACC_div_Nitrogen_PEG_x_Potassium_PEG,0.009590935070915796
trip_Antioxidants_x_Antioxidants_PEG_div_Zinc,0.009565411759102194
trip_Antioxidants_PEG_div_Potassium_x_Glycine_Betaine,0.009546218428713615
trip_Biofilm_PEG_x_ACC_div_Calcium,0.009535860217453562
trip_Biofilm_div_Nitrogen_x_Potassium,0.00952314891442052
trip_Proline_PEG_x_Antioxidants_div_Phosphate,0.009520530565028107
trip_Trehalose_PEG_x_Phosphate_div_Manganese,0.009520441048809003
trip_ACC_div_Antioxidants_x_Antioxidants_PEG,0.00951325737227049
trip_Auxins_PEG_x_Nitrogen_div_Potassium_PEG,0.00951316785605183
trip_Auxins_div_Potassium_PEG_x_Calcium,0.009280828510809469
trip_Antioxidants_PEG_div_Nitrogen_x_Calcium,0.009265968818530146
trip_Auxins_PEG_div_Nitrogen_x_Polyamines,0.009262970025208928
trip_ACC_div_Trehalose_PEG_x_Glycine_Betaine,0.00924193371385007
trip_Trehalose_PEG_x_Potassium_div_Manganese,0.009217470116094306
trip_Nitrogen_x_Glycine_Betaine_div_Calcium,0.009203441739874307
trip_Trehalose_x_Nitrogen_PEG_div_Potassium,0.009200420567498258
trip_Auxins_PEG_div_Trehalose_x_Phosphate,0.009200129639788113
trip_Auxins_x_Auxins_PEG_div_Silica,0.009134200944826976
trip_Auxins_x_Proline_div_Silica,0.009128941866987539
trip_Auxins_div_Trehalose_PEG_x_Manganese,0.009075702096005722
trip_Trehalose_PEG_x_Phosphate_div_Silica,0.00904660932497725
trip_Biofilm_x_Biofilm_PEG_div_Silica,0.009043118192453736
trip_ACC_PEG_div_Trehalose_PEG_x_Nitrogen,0.009042536337033225
trip_Trehalose_PEG_div_Nitrogen_x_Polyamines,0.009014898204556587
trip_ACC_div_Trehalose_PEG_x_Zinc,0.009013935905207493
trip_ACC_x_Trehalose_PEG_div_Proline,0.009002007869085338
trip_Trehalose_div_Proline_PEG_x_Manganese,0.008994242337126535
trip_Auxins_div_Silica_x_Zinc,0.008989811284308535
trip_Auxins_PEG_x_Antioxidants_div_Polyamines,0.008979405023902487
trip_Trehalose_PEG_x_Proline_div_Phosphate,0.00896011427880472
trip_ACC_div_Antioxidants_x_Phosphate,0.008925202953570688
trip_Proline_div_Calcium_x_Zinc,0.00891618419455198
trip_Biofilm_div_Proline_PEG_x_Zinc,0.008884696864678077
trip_Auxins_x_Trehalose_PEG_div_Potassium,0.00886430954590356
trip_Nitrogen_x_Phosphate_div_Potassium,0.00882154317249162
trip_Biofilm_div_Antioxidants_x_Zinc,0.008798291334724206
trip_Antioxidants_x_Nitrogen_div_Potassium,0.008739389662918873
trip_ACC_PEG_x_Proline_div_Manganese,0.008663368014316442
trip_Nitrogen_PEG_div_Phosphate_x_Potassium_PEG,0.008654315686716041
trip_Proline_PEG_x_Glycine_Betaine_div_Silica,0.008637184520391195
trip_Biofilm_PEG_div_Nitrogen_PEG_x_Manganese,0.008618274219223121
trip_Biofilm_PEG_div_Trehalose_x_Calcium,0.008601572862388718
trip_ACC_div_Silica_x_Calcium,0.00859598468080458
trip_Auxins_div_Proline_PEG_x_Glycine_Betaine,0.008576380628942282
trip_Biofilm_PEG_div_Trehalose_x_Potassium_PEG,0.00851537532600144
trip_Trehalose_x_Nitrogen_PEG_div_Zinc,0.008500090431684315
trip_ACC_div_ACC_PEG_x_Antioxidants_PEG,0.008409768567168907
trip_Auxins_x_Trehalose_div_Potassium,0.008386494350346219
trip_Biofilm_x_Trehalose_PEG_div_Potassium,0.008374767725716437
trip_Proline_x_Nitrogen_div_Potassium_PEG,0.008313762422775817
trip_Biofilm_PEG_x_Potassium_PEG_div_Zinc,0.008312598711934793
trip_Biofilm_x_Nitrogen_div_Zinc,0.008305661204997206
trip_ACC_PEG_div_Nitrogen_x_Glycine_Betaine,0.008298656560895568
trip_ACC_div_Proline_x_Potassium_PEG,0.008282051302354931
trip_Trehalose_PEG_x_Proline_div_Nitrogen,0.008275069037308125
trip_Biofilm_x_ACC_div_Antioxidants,0.008189648185758402
trip_ACC_div_Proline_PEG_x_Silica,0.008133969097821048
trip_Antioxidants_div_Nitrogen_PEG_x_Calcium,0.008123160014431363
trip_Phosphate_div_Potassium_x_Silica,0.008067257135947914
trip_Potassium_x_Glycine_Betaine_div_Manganese,0.00805774603772691
trip_Phosphate_x_Glycine_Betaine_div_Polyamines,0.008000433278801067
trip_Auxins_PEG_x_Proline_div_Zinc,0.007980359266792192
trip_Biofilm_x_Manganese_div_Calcium,0.007973779824728577
trip_ACC_x_ACC_PEG_div_Trehalose_PEG,0.007862824471837726
trip_Biofilm_PEG_x_Nitrogen_PEG_div_Potassium,0.007834022628519843
trip_Nitrogen_div_Potassium_PEG_x_Calcium,0.007799291167142952
trip_ACC_PEG_div_Trehalose_x_Phosphate,0.007781070494210951
trip_Biofilm_PEG_x_Potassium_div_Zinc,0.007756344929874315
trip_Nitrogen_PEG_x_Glycine_Betaine_div_Calcium,0.007631246014452531
trip_Antioxidants_x_Potassium_PEG_div_Calcium,0.007542524252343696
trip_Biofilm_x_Biofilm_PEG_div_Nitrogen,0.0075390219302935435
trip_Trehalose_PEG_div_Antioxidants_PEG_x_Manganese,0.007523132801500854
trip_Auxins_div_Trehalose_x_Antioxidants,0.007513420291788586
trip_Auxins_PEG_div_Proline_PEG_x_Glycine_Betaine,0.00750983964304619
trip_Auxins_x_Antioxidants_div_Calcium,0.00748403659304997
trip_Biofilm_x_Proline_PEG_div_Antioxidants_PEG,0.007450568716840245
trip_Trehalose_div_Potassium_PEG_x_Polyamines,0.007430796822068153
trip_ACC_div_Proline_PEG_x_Calcium,0.007403972234048206
trip_Auxins_div_Phosphate_x_Potassium,0.007395505052905316
trip_Proline_x_Antioxidants_PEG_div_Polyamines,0.0073053174627182305
trip_Trehalose_PEG_div_Antioxidants_PEG_x_Phosphate,0.007116505378744531
trip_Potassium_PEG_x_Glycine_Betaine_div_Manganese,0.0070525907987009084
trip_Auxins_x_Nitrogen_div_Glycine_Betaine,0.007028264766310244
trip_Auxins_div_ACC_x_Proline,0.007019212438709177
trip_Biofilm_div_Nitrogen_x_Potassium_PEG,0.007004878654214286
trip_Nitrogen_PEG_x_Glycine_Betaine_div_Polyamines,0.006994517151917901
trip_Biofilm_x_Trehalose_PEG_div_Proline_PEG,0.006946947180248797
trip_ACC_PEG_div_Antioxidants_PEG_x_Glycine_Betaine,0.0069093648490228254
trip_Proline_x_Nitrogen_PEG_div_Zinc,0.006841377281035843
trip_Biofilm_x_Biofilm_PEG_div_Zinc,0.0068295835192413445
trip_Trehalose_x_Proline_div_Antioxidants,0.006778559274669416
trip_Phosphate_div_Glycine_Betaine_x_Calcium,0.0067417904879003565
trip_Proline_PEG_div_Phosphate_x_Glycine_Betaine,0.0067354795944929435
trip_Biofilm_div_Trehalose_x_Phosphate,0.006704954563967691
trip_ACC_div_Phosphate_x_Manganese,0.006692041849442498
trip_Biofilm_x_Auxins_div_Silica,0.006678077319348663
trip_Antioxidants_PEG_div_Phosphate_x_Glycine_Betaine,0.006674698082098196
trip_ACC_x_Phosphate_div_Calcium,0.0066656793230794875
trip_Phosphate_x_Potassium_div_Calcium,0.006641588270762888
trip_ACC_div_Polyamines_x_Zinc,0.006631036546501434
trip_ACC_x_Proline_PEG_div_Polyamines,0.006551031426173637
trip_Biofilm_PEG_x_ACC_div_Trehalose,0.006514866873880365
trip_Auxins_PEG_x_Proline_PEG_div_Manganese,0.006499828149163944
trip_ACC_div_Antioxidants_x_Zinc,0.006486355958272627
trip_Biofilm_x_ACC_div_Proline,0.00648615454678092
trip_Glycine_Betaine_x_Manganese_div_Polyamines,0.006464155936072302
trip_ACC_PEG_div_Proline_PEG_x_Glycine_Betaine,0.006454353910141153
trip_ACC_div_Proline_PEG_x_Antioxidants_PEG,0.006410043381959607
trip_Auxins_PEG_div_ACC_PEG_x_Trehalose_PEG,0.006387820980705339
trip_ACC_PEG_x_Nitrogen_PEG_div_Calcium,0.006387373399612262
trip_ACC_PEG_x_Nitrogen_div_Calcium,0.006377369962189405
trip_ACC_PEG_div_Phosphate_x_Potassium_PEG,0.006335453992854179
trip_Auxins_x_Potassium_div_Zinc,0.006281050511031783
trip_Auxins_PEG_x_Antioxidants_div_Antioxidants_PEG,0.00624954080210216
trip_Trehalose_x_Nitrogen_PEG_div_Manganese,0.00619842704131135
trip_Phosphate_div_Potassium_PEG_x_Glycine_Betaine,0.006169647577047632
trip_Potassium_x_Potassium_PEG_div_Silica,0.006096602342712032
trip_Auxins_PEG_x_Trehalose_div_Proline_PEG,0.006019215571777092
trip_Nitrogen_PEG_x_Potassium_PEG_div_Polyamines,0.006001603255777699
trip_Biofilm_PEG_div_Trehalose_PEG_x_Antioxidants_PEG,0.005964808798917032
trip_Trehalose_x_Phosphate_div_Silica,0.005929609837010075
trip_Proline_x_Nitrogen_div_Potassium,0.005878607971492089
trip_Trehalose_x_Phosphate_div_Potassium,0.005875497282897824
trip_Trehalose_div_Trehalose_PEG_x_Proline,0.0058596976703235715
trip_Potassium_div_Silica_x_Zinc,0.00584029502995298
trip_Auxins_PEG_x_Proline_div_Nitrogen,0.005839713174532912
trip_Trehalose_x_Phosphate_div_Zinc,0.005834498854802694
trip_Auxins_PEG_x_Glycine_Betaine_div_Zinc,0.0057890022367248495
trip_Biofilm_PEG_x_Trehalose_div_Antioxidants,0.005776000005980775
trip_Auxins_div_Antioxidants_x_Potassium,0.005769219152425675
trip_Proline_div_Nitrogen_x_Potassium,0.005724707212752866
trip_Antioxidants_x_Manganese_div_Calcium,0.0056860138272849525
trip_Trehalose_div_Proline_x_Phosphate,0.00566824156686585
trip_Biofilm_PEG_div_Antioxidants_x_Calcium,0.005656981611345646
trip_Auxins_PEG_div_ACC_x_Proline_PEG,0.00559669902022808
trip_Potassium_x_Silica_div_Manganese,0.005594170187054548
trip_Trehalose_div_Potassium_x_Polyamines,0.005583987717194594
trip_Biofilm_x_Antioxidants_div_Zinc,0.005519692693222389
trip_Biofilm_x_Trehalose_div_Nitrogen,0.005491472705324574
trip_ACC_PEG_x_Proline_div_Glycine_Betaine,0.005449288187333812
trip_Biofilm_div_Antioxidants_x_Manganese,0.0054396875728943694
trip_Biofilm_div_Potassium_PEG_x_Polyamines,0.005378995576718504
trip_Trehalose_PEG_x_Phosphate_div_Potassium_PEG,0.005375683476632309
trip_ACC_x_Nitrogen_PEG_div_Glycine_Betaine,0.005363397375635959
trip_Antioxidants_x_Antioxidants_PEG_div_Nitrogen,0.005357265514665643
trip_Auxins_div_Calcium_x_Polyamines,0.005325062055042906
trip_Biofilm_div_Biofilm_PEG_x_Potassium_PEG,0.0053081546792650425
trip_Phosphate_div_Silica_x_Polyamines,0.005292769079201287
trip_Silica_div_Manganese_x_Zinc,0.005277260394338512
trip_Biofilm_PEG_x_ACC_PEG_div_Nitrogen,0.00527065857322051
trip_Biofilm_div_Trehalose_PEG_x_Zinc,0.005255664606613308
trip_ACC_div_Nitrogen_PEG_x_Phosphate,0.005198765860198629
trip_Trehalose_PEG_div_Nitrogen_x_Silica,0.0051891988143408785
trip_Auxins_PEG_x_Antioxidants_div_Silica,0.005183380260135095
trip_Trehalose_x_Trehalose_PEG_div_Proline_PEG,0.005158069549340949
trip_ACC_PEG_div_Proline_PEG_x_Antioxidants,0.005040243826676782
trip_Biofilm_x_Calcium_div_Zinc,0.0050401543104576785
trip_Proline_PEG_div_Phosphate_x_Polyamines,0.005021042597797898
trip_Auxins_PEG_x_Antioxidants_PEG_div_Calcium,0.005011464362412843
trip_ACC_PEG_x_Potassium_PEG_div_Zinc,0.004980558887959452
trip_ACC_x_Proline_div_Manganese,0.004838832334942422
trip_Trehalose_PEG_div_Proline_PEG_x_Manganese,0.004800340360966215
trip_Biofilm_div_Trehalose_PEG_x_Proline,0.004797319188590832
trip_ACC_PEG_div_Nitrogen_x_Phosphate,0.004790941158018702
trip_ACC_PEG_div_Potassium_x_Glycine_Betaine,0.004754754226670377
trip_Proline_PEG_div_Silica_x_Zinc,0.004629274867320232
trip_Auxins_div_Trehalose_PEG_x_Potassium,0.004592036120404153
trip_ACC_PEG_x_Trehalose_div_Glycine_Betaine,0.004531635051938654
trip_Potassium_PEG_x_Polyamines_div_Zinc,0.004522504397646454
trip_Auxins_div_Potassium_x_Potassium_PEG,0.0045056305904505045
trip_Trehalose_div_Manganese_x_Polyamines,0.004444132948307367
trip_Proline_div_Antioxidants_x_Nitrogen,0.004432495839896244
trip_ACC_PEG_div_Trehalose_x_Silica,0.00440293310872053
trip_Nitrogen_PEG_x_Calcium_div_Polyamines,0.0043464036167071285
trip_ACC_x_Nitrogen_div_Nitrogen_PEG,0.0043419278057799104
trip_Nitrogen_div_Phosphate_x_Potassium_PEG,0.00429112735175341
trip_ACC_PEG_x_Phosphate_div_Silica,0.004281795285969503
trip_Trehalose_x_Antioxidants_div_Manganese,0.004275685804053575
trip_Biofilm_PEG_x_Proline_div_Antioxidants,0.0042646305510631866
trip_Auxins_div_Trehalose_PEG_x_Antioxidants_PEG,0.004259393852278137
trip_Proline_PEG_div_Manganese_x_Calcium,0.004204117587324641
trip_Auxins_x_Auxins_PEG_div_Phosphate,0.004185028253718581
trip_Trehalose_div_Nitrogen_PEG_x_Manganese,0.004177643165688583
trip_Auxins_PEG_x_ACC_PEG_div_Nitrogen,0.004156405442838018
trip_ACC_x_Glycine_Betaine_div_Zinc,0.004121606012877477
trip_Auxins_PEG_div_ACC_x_Phosphate,0.004106276360451133
trip_Biofilm_PEG_div_Proline_x_Proline_PEG,0.004067672491201879
trip_ACC_x_Trehalose_PEG_div_Glycine_Betaine,0.004019490386567792
trip_Nitrogen_PEG_x_Glycine_Betaine_div_Silica,0.004000099767145215
trip_Trehalose_PEG_div_Silica_x_Polyamines,0.003978178651708131
trip_Auxins_x_Nitrogen_PEG_div_Glycine_Betaine,0.003977686312506057
trip_Biofilm_PEG_div_Proline_PEG_x_Nitrogen,0.003957231856567267
trip_Biofilm_PEG_x_Potassium_PEG_div_Calcium,0.003952025435327355
trip_ACC_PEG_div_Potassium_PEG_x_Manganese,0.003936374577645951
trip_Biofilm_PEG_x_Auxins_PEG_div_Silica,0.003907192290399042
trip_Biofilm_PEG_div_ACC_PEG_x_Nitrogen_PEG,0.003795073226667167
trip_Nitrogen_x_Phosphate_div_Zinc,0.0037476967679999085
trip_Biofilm_PEG_x_Nitrogen_div_Phosphate,0.003703532535093812
trip_Auxins_div_ACC_x_Glycine_Betaine,0.0036667741064324577
trip_Auxins_PEG_div_Trehalose_PEG_x_Antioxidants_PEG,0.0036187710342356905
trip_Biofilm_PEG_x_Glycine_Betaine_div_Silica,0.0035037650724556446
trip_ACC_div_Glycine_Betaine_x_Zinc,0.0034715616128329074
trip_Biofilm_PEG_div_Potassium_x_Calcium,0.003465333653568825
trip_Auxins_div_Proline_PEG_x_Antioxidants_PEG,0.00339766597442126
trip_Auxins_x_Nitrogen_div_Polyamines,0.0032639511229648477
trip_Biofilm_x_Nitrogen_div_Manganese,0.0031747258321261906
trip_Nitrogen_x_Potassium_PEG_div_Zinc,0.003136726197352502
trip_ACC_PEG_div_Trehalose_x_Glycine_Betaine,0.003100569543548204
trip_Potassium_div_Glycine_Betaine_x_Silica,0.003093758412449077
trip_Proline_x_Antioxidants_PEG_div_Potassium,0.003085321508851102
trip_Biofilm_x_Trehalose_div_Silica,0.003036826097452261
trip_ACC_PEG_x_Potassium_div_Polyamines,0.002964206065154684
trip_Antioxidants_PEG_div_Potassium_x_Manganese,0.00293791067595639
trip_Biofilm_div_Auxins_PEG_x_Antioxidants,0.0029366574488964847
trip_Proline_div_Glycine_Betaine_x_Polyamines,0.002915307830772651
trip_ACC_x_Antioxidants_PEG_div_Zinc,0.0029066247575739723
trip_Phosphate_div_Calcium_x_Polyamines,0.002831252101555437
trip_Biofilm_x_Nitrogen_div_Silica,0.0028155196261456794
trip_Auxins_x_Antioxidants_PEG_div_Potassium,0.002806411350908311
trip_Biofilm_PEG_x_Manganese_div_Polyamines,0.002795904384756298
trip_Auxins_x_Trehalose_PEG_div_Manganese,0.0027490985919829125
trip_Biofilm_x_Auxins_PEG_div_Potassium_PEG,0.0027337656485186823
trip_ACC_PEG_div_Antioxidants_x_Polyamines,0.0027166042046495864
trip_Trehalose_div_Trehalose_PEG_x_Zinc,0.0026556436598181854
trip_Biofilm_div_Proline_x_Antioxidants_PEG,0.002643491833150158
trip_Auxins_x_Auxins_PEG_div_ACC,0.002604597036191203
trip_ACC_x_Polyamines_div_Zinc,0.0025693052670279215
trip_Auxins_PEG_x_Antioxidants_PEG_div_Polyamines,0.0025441959677257042
trip_Biofilm_x_Antioxidants_div_Antioxidants_PEG,0.0024932836184257123
trip_Trehalose_div_Calcium_x_Zinc,0.0024885168797883495
trip_Auxins_x_Auxins_PEG_div_Manganese,0.0024544783376854173
trip_Trehalose_x_Phosphate_div_Calcium,0.0024347176324404085
trip_Trehalose_PEG_div_Proline_PEG_x_Nitrogen_PEG,0.002413278498098137
trip_ACC_div_Proline_x_Zinc,0.0023580917493633002
trip_Antioxidants_PEG_div_Calcium_x_Polyamines,0.0023264701451606307
trip_Biofilm_div_Auxins_PEG_x_Trehalose,0.002313512672525553
trip_Trehalose_PEG_x_Proline_PEG_div_Manganese,0.0022458831694125436
trip_Biofilm_div_ACC_x_Trehalose_PEG,0.0022341565447827616
trip_Auxins_x_Phosphate_div_Manganese,0.002185392584728163
trip_ACC_x_Potassium_div_Potassium_PEG,0.002172770797913115
trip_Antioxidants_div_Phosphate_x_Calcium,0.002116174168735885
trip_Trehalose_PEG_div_Calcium_x_Polyamines,0.0021161517896810533
trip_Trehalose_PEG_x_Antioxidants_PEG_div_Glycine_Betaine,0.0020727699922669096
trip_ACC_PEG_x_Antioxidants_PEG_div_Nitrogen_PEG,0.0019837573024477084
trip_Biofilm_PEG_div_Calcium_x_Zinc,0.0019743580995004173
trip_Biofilm_PEG_div_Proline_x_Phosphate,0.001960192157914653
trip_Biofilm_div_Biofilm_PEG_x_ACC_PEG,0.001932665920711285
trip_Potassium_PEG_x_Silica_div_Calcium,0.0018664686770948347
trip_Auxins_div_Phosphate_x_Calcium,0.0018460589792657078
trip_Biofilm_x_Antioxidants_div_Glycine_Betaine,0.001775072617956619
trip_Biofilm_x_Phosphate_div_Calcium,0.0017184536097250014
trip_Proline_x_Antioxidants_div_Silica,0.001708741100012512
trip_Antioxidants_PEG_x_Phosphate_div_Potassium_PEG,0.0016797602242575316
trip_Trehalose_PEG_x_Nitrogen_div_Nitrogen_PEG,0.001641827726647227
trip_ACC_div_Nitrogen_PEG_x_Glycine_Betaine,0.001626430937057055
trip_Biofilm_PEG_div_Manganese_x_Zinc,0.0016246629917411326
trip_Trehalose_div_Proline_x_Nitrogen,0.0016183520983332755
trip_ACC_x_ACC_PEG_div_Potassium,0.0016122426164173476
trip_Auxins_div_Auxins_PEG_x_Proline_PEG,0.0015215514974999955
trip_ACC_PEG_x_Nitrogen_div_Polyamines,0.0014751261486551925
trip_ACC_PEG_div_Antioxidants_x_Potassium,0.0014510686649207294
trip_ACC_PEG_div_Potassium_PEG_x_Silica,0.0014132480625839161
trip_Antioxidants_PEG_div_Silica_x_Manganese,0.001363409907907398
trip_Phosphate_x_Potassium_div_Potassium_PEG,0.0013431344844054838
trip_Proline_x_Proline_PEG_div_Phosphate,0.001314824980289675
trip_Nitrogen_PEG_div_Potassium_x_Potassium_PEG,0.0013058957374898483
trip_Biofilm_PEG_x_Proline_PEG_div_Antioxidants,0.001286403580900597
trip_Proline_PEG_x_Silica_div_Polyamines,0.0012800031712747462
trip_Biofilm_div_Auxins_PEG_x_Phosphate,0.0012577136328559835
trip_Biofilm_div_Phosphate_x_Silica,0.0012228023076217287
trip_Trehalose_div_Manganese_x_Calcium,0.0011653776534230609
trip_Biofilm_PEG_div_Auxins_PEG_x_Silica,0.0011519054625317438
trip_Antioxidants_x_Manganese_div_Zinc,0.0010937199204750225
trip_Biofilm_div_Antioxidants_PEG_x_Silica,0.0010810086174415368
trip_ACC_div_Trehalose_PEG_x_Potassium,0.001048133786179628
trip_Biofilm_div_Auxins_PEG_x_Zinc,0.0010441950725634808
trip_Biofilm_x_Nitrogen_PEG_div_Calcium,0.0010247596950307969
trip_Biofilm_div_ACC_x_Proline,0.0010111859669734713
trip_Biofilm_PEG_div_ACC_PEG_x_Glycine_Betaine,0.0010053897918225196
trip_ACC_div_Antioxidants_PEG_x_Potassium_PEG,0.0009982956315026659
trip_Auxins_PEG_x_Nitrogen_div_Potassium,0.0009566034527130896
trip_Trehalose_PEG_x_Calcium_div_Zinc,0.0008457040474592059
trip_Proline_PEG_x_Antioxidants_PEG_div_Glycine_Betaine,0.0008046878477616648
trip_Biofilm_div_Proline_x_Zinc,0.0007753778682622059
trip_ACC_div_Nitrogen_PEG_x_Zinc,0.0007702083066412069
trip_Auxins_div_ACC_x_Polyamines,0.000751387521691349
trip_Nitrogen_PEG_x_Phosphate_div_Glycine_Betaine,0.0007284825592697164
trip_Proline_PEG_x_Potassium_div_Polyamines,0.0007004751723913571
trip_Antioxidants_div_Manganese_x_Calcium,0.0006746945014497463
trip_Biofilm_div_Trehalose_PEG_x_Nitrogen,0.0006399622086525891
trip_Biofilm_x_Proline_div_Nitrogen_PEG,0.0006141815377107562
trip_Auxins_x_Phosphate_div_Polyamines,0.0005811052949571405
trip_ACC_PEG_x_Antioxidants_PEG_div_Glycine_Betaine,0.0005779946063626529
trip_Trehalose_PEG_div_Antioxidants_x_Phosphate,0.0005614117268768481
trip_Auxins_x_Potassium_div_Manganese,0.0005375556546332039
trip_Auxins_x_Proline_PEG_div_Antioxidants,0.0005245981819985701
trip_Proline_div_Proline_PEG_x_Phosphate,0.00040256519706205474
trip_ACC_PEG_div_Proline_x_Nitrogen_PEG,0.00033245161888428854
trip_Proline_x_Proline_PEG_div_Nitrogen,0.0003195612834134831
trip_Trehalose_div_Calcium_x_Polyamines,0.00031819616108030857
trip_ACC_x_Antioxidants_div_Potassium_PEG,0.0002969472487026614
trip_Trehalose_x_Calcium_div_Zinc,0.0002646654623883471
trip_Auxins_PEG_div_Trehalose_PEG_x_Polyamines,0.0002514841992067307
trip_Biofilm_x_ACC_PEG_div_Nitrogen_PEG,0.00025075687993147966
trip_Auxins_PEG_x_ACC_PEG_div_Zinc,0.00024208499625966162
trip_Trehalose_PEG_div_Nitrogen_x_Manganese,0.00023015696013772846
trip_Biofilm_div_Potassium_x_Polyamines,0.0002234656228012888
trip_Biofilm_PEG_div_Antioxidants_PEG_x_Polyamines,0.0002009522938366537
trip_Potassium_div_Silica_x_Manganese,0.00018902425771472053
trip_ACC_PEG_x_Proline_div_Zinc,0.00015113651821430096
trip_Auxins_PEG_x_Manganese_div_Polyamines,0.00013633277357172346
trip_ACC_x_Antioxidants_PEG_div_Glycine_Betaine,0.0001043642940226075
trip_Auxins_PEG_x_Antioxidants_PEG_div_Silica,6.63646592491407e-05
trip_ACC_PEG_x_Antioxidants_div_Polyamines,5.53317853129176e-05
trip_Biofilm_div_Trehalose_x_Antioxidants,4.821524593823234e-05
trip_Biofilm_PEG_x_Antioxidants_div_Antioxidants_PEG,1.504948696595676e-05
trip_ACC_x_Trehalose_div_Manganese,0.0
trip_ACC_div_Trehalose_x_Manganese,0.0
trip_ACC_x_Trehalose_div_Antioxidants_PEG,0.0
trip_ACC_x_Trehalose_div_Nitrogen,0.0
trip_ACC_div_Trehalose_x_Nitrogen,0.0
trip_Auxins_x_ACC_PEG_div_Trehalose,0.0
trip_ACC_x_Trehalose_div_Potassium,0.0
trip_ACC_div_Trehalose_x_Potassium,0.0
trip_ACC_x_Trehalose_div_Trehalose_PEG,0.0
trip_ACC_div_Trehalose_x_Trehalose_PEG,0.0
trip_ACC_x_Trehalose_div_Proline,0.0
trip_ACC_div_Trehalose_x_Proline,0.0
trip_ACC_x_Trehalose_div_Proline_PEG,0.0
trip_ACC_div_Trehalose_x_Antioxidants,0.0
trip_ACC_div_ACC_PEG_x_Glycine_Betaine,0.0
trip_ACC_x_ACC_PEG_div_Silica,0.0
trip_ACC_div_ACC_PEG_x_Silica,0.0
trip_ACC_div_ACC_PEG_x_Manganese,0.0
trip_ACC_div_ACC_PEG_x_Polyamines,0.0
trip_ACC_div_ACC_PEG_x_Zinc,0.0
trip_ACC_div_Trehalose_PEG_x_Polyamines,0.0
trip_ACC_x_Proline_div_Proline_PEG,0.0
trip_Biofilm_PEG_div_Proline_PEG_x_Phosphate,0.0
trip_Biofilm_PEG_x_Proline_PEG_div_Potassium,0.0
trip_Biofilm_PEG_div_Proline_PEG_x_Potassium,0.0
trip_ACC_x_Trehalose_PEG_div_Potassium_PEG,0.0
trip_ACC_div_Trehalose_PEG_x_Potassium_PEG,0.0
trip_ACC_x_Trehalose_PEG_div_Silica,0.0
trip_ACC_div_Trehalose_PEG_x_Silica,0.0
trip_ACC_div_Trehalose_PEG_x_Manganese,0.0
trip_ACC_div_Trehalose_PEG_x_Antioxidants_PEG,0.0
trip_ACC_x_Trehalose_PEG_div_Nitrogen,0.0
trip_ACC_div_Trehalose_PEG_x_Nitrogen,0.0
trip_ACC_div_Trehalose_PEG_x_Nitrogen_PEG,0.0
trip_ACC_x_Trehalose_PEG_div_Phosphate,0.0
trip_ACC_div_Trehalose_PEG_x_Phosphate,0.0
trip_ACC_x_Trehalose_div_Calcium,0.0
trip_ACC_x_Trehalose_div_Polyamines,0.0
trip_ACC_div_Trehalose_x_Polyamines,0.0
trip_ACC_x_Trehalose_div_Zinc,0.0
trip_ACC_x_Trehalose_PEG_div_Proline_PEG,0.0
trip_ACC_x_Trehalose_PEG_div_Antioxidants_PEG,0.0
trip_ACC_div_Proline_x_Phosphate,0.0
trip_ACC_x_Proline_div_Potassium,0.0
trip_ACC_div_Proline_x_Potassium,0.0
trip_ACC_x_Proline_div_Potassium_PEG,0.0
trip_ACC_x_Proline_div_Glycine_Betaine,0.0
trip_ACC_x_Proline_div_Silica,0.0
trip_ACC_div_Proline_x_Silica,0.0
trip_Biofilm_PEG_div_Antioxidants_x_Potassium,0.0
trip_ACC_div_Proline_x_Proline_PEG,0.0
trip_ACC_div_Proline_x_Antioxidants_PEG,0.0
trip_ACC_div_Proline_x_Nitrogen,0.0
trip_Biofilm_PEG_x_Proline_PEG_div_Polyamines,0.0
trip_Biofilm_PEG_div_Proline_PEG_x_Polyamines,0.0
trip_Biofilm_PEG_x_Proline_PEG_div_Zinc,0.0
trip_Biofilm_PEG_div_Antioxidants_x_Nitrogen,0.0
trip_Biofilm_PEG_div_Antioxidants_x_Phosphate,0.0
trip_Biofilm_PEG_div_Proline_PEG_x_Potassium_PEG,0.0
trip_Biofilm_PEG_x_Proline_PEG_div_Silica,0.0
trip_Biofilm_PEG_div_Proline_PEG_x_Silica,0.0
trip_Biofilm_PEG_div_Proline_PEG_x_Manganese,0.0
trip_ACC_div_Proline_PEG_x_Polyamines,0.0
trip_ACC_x_Proline_PEG_div_Zinc,0.0
trip_ACC_div_Proline_PEG_x_Zinc,0.0
trip_ACC_div_Antioxidants_x_Nitrogen,0.0
trip_ACC_div_Antioxidants_x_Nitrogen_PEG,0.0
trip_ACC_x_Proline_PEG_div_Potassium_PEG,0.0
trip_ACC_div_Proline_PEG_x_Potassium_PEG,0.0
trip_ACC_x_Proline_PEG_div_Glycine_Betaine,0.0
trip_ACC_x_Proline_PEG_div_Manganese,0.0
trip_ACC_div_Proline_PEG_x_Manganese,0.0
trip_ACC_div_Proline_PEG_x_Antioxidants,0.0
trip_ACC_x_Proline_PEG_div_Nitrogen,0.0
trip_ACC_div_Proline_PEG_x_Nitrogen,0.0
trip_ACC_x_Proline_PEG_div_Nitrogen_PEG,0.0
trip_ACC_x_Proline_PEG_div_Phosphate,0.0
trip_ACC_x_Proline_PEG_div_Potassium,0.0
trip_ACC_div_Proline_PEG_x_Potassium,0.0
trip_ACC_div_Proline_x_Manganese,0.0
trip_ACC_div_Proline_x_Calcium,0.0
trip_ACC_x_Proline_div_Polyamines,0.0
trip_ACC_div_Antioxidants_x_Silica,0.0
trip_ACC_div_Antioxidants_x_Manganese,0.0
trip_ACC_div_Antioxidants_x_Polyamines,0.0
trip_ACC_x_Antioxidants_PEG_div_Nitrogen,0.0
trip_ACC_div_Antioxidants_PEG_x_Nitrogen,0.0
trip_Biofilm_PEG_div_Proline_PEG_x_Antioxidants,0.0
trip_Biofilm_PEG_x_Proline_PEG_div_Nitrogen,0.0
trip_Biofilm_PEG_x_Proline_PEG_div_Nitrogen_PEG,0.0
trip_Biofilm_PEG_div_Proline_PEG_x_Nitrogen_PEG,0.0
trip_ACC_div_Antioxidants_x_Potassium_PEG,0.0
trip_ACC_div_Antioxidants_x_Glycine_Betaine,0.0
trip_Biofilm_PEG_x_Proline_div_Potassium_PEG,0.0
trip_Biofilm_PEG_div_Proline_x_Silica,0.0
trip_Biofilm_PEG_div_Proline_x_Manganese,0.0
trip_ACC_div_Antioxidants_x_Potassium,0.0
trip_Biofilm_PEG_div_Proline_x_Antioxidants_PEG,0.0
trip_Biofilm_PEG_x_Proline_div_Nitrogen,0.0
trip_Biofilm_PEG_div_Proline_x_Nitrogen,0.0
trip_Biofilm_PEG_div_Proline_x_Potassium,0.0
trip_ACC_div_Nitrogen_x_Silica,0.0
trip_ACC_x_Nitrogen_div_Manganese,0.0
trip_ACC_div_Nitrogen_x_Manganese,0.0
trip_ACC_x_Nitrogen_div_Calcium,0.0
trip_ACC_div_Nitrogen_x_Calcium,0.0
trip_ACC_x_Nitrogen_div_Polyamines,0.0
trip_ACC_div_Nitrogen_x_Polyamines,0.0
trip_ACC_x_Nitrogen_div_Zinc,0.0
trip_ACC_div_Antioxidants_PEG_x_Zinc,0.0
trip_ACC_div_Nitrogen_x_Phosphate,0.0
trip_ACC_x_Nitrogen_div_Glycine_Betaine,0.0
trip_ACC_x_Antioxidants_PEG_div_Silica,0.0
trip_ACC_div_Antioxidants_PEG_x_Silica,0.0
trip_ACC_x_Antioxidants_PEG_div_Manganese,0.0
trip_ACC_div_Antioxidants_PEG_x_Calcium,0.0
trip_ACC_x_Antioxidants_PEG_div_Polyamines,0.0
trip_ACC_div_Antioxidants_PEG_x_Polyamines,0.0
trip_ACC_x_Antioxidants_PEG_div_Nitrogen_PEG,0.0
trip_ACC_div_Antioxidants_PEG_x_Nitrogen_PEG,0.0
trip_ACC_x_Antioxidants_PEG_div_Potassium,0.0
trip_ACC_div_Antioxidants_PEG_x_Potassium,0.0
trip_ACC_x_Antioxidants_PEG_div_Potassium_PEG,0.0
trip_ACC_x_Phosphate_div_Polyamines,0.0
trip_ACC_div_Phosphate_x_Polyamines,0.0
trip_ACC_x_Phosphate_div_Zinc,0.0
trip_ACC_div_Phosphate_x_Zinc,0.0
trip_ACC_div_Potassium_x_Potassium_PEG,0.0
trip_ACC_x_Potassium_div_Glycine_Betaine,0.0
trip_ACC_div_Potassium_x_Glycine_Betaine,0.0
trip_ACC_x_Phosphate_div_Potassium,0.0
trip_ACC_x_Phosphate_div_Potassium_PEG,0.0
trip_ACC_x_Phosphate_div_Glycine_Betaine,0.0
trip_ACC_x_Phosphate_div_Silica,0.0
trip_ACC_div_Phosphate_x_Silica,0.0
trip_ACC_x_Phosphate_div_Manganese,0.0
trip_ACC_x_Nitrogen_PEG_div_Silica,0.0
trip_ACC_div_Nitrogen_PEG_x_Silica,0.0
trip_ACC_x_Nitrogen_PEG_div_Manganese,0.0
trip_ACC_div_Nitrogen_PEG_x_Manganese,0.0
trip_ACC_x_Nitrogen_PEG_div_Calcium,0.0
trip_ACC_x_Nitrogen_PEG_div_Polyamines,0.0
trip_ACC_x_Nitrogen_PEG_div_Zinc,0.0
trip_ACC_div_Nitrogen_x_Zinc,0.0
trip_ACC_div_Nitrogen_PEG_x_Potassium,0.0
trip_ACC_x_Nitrogen_PEG_div_Potassium_PEG,0.0
trip_ACC_div_Silica_x_Manganese,0.0
trip_Biofilm_PEG_x_Trehalose_PEG_div_Antioxidants,0.0
trip_Biofilm_PEG_x_Trehalose_PEG_div_Nitrogen,0.0
trip_Biofilm_PEG_x_Trehalose_PEG_div_Nitrogen_PEG,0.0
trip_Biofilm_PEG_div_Trehalose_PEG_x_Phosphate,0.0
trip_Biofilm_PEG_x_Trehalose_PEG_div_Potassium,0.0
trip_ACC_div_Potassium_PEG_x_Zinc,0.0
trip_ACC_div_Glycine_Betaine_x_Manganese,0.0
trip_ACC_div_Glycine_Betaine_x_Polyamines,0.0
trip_ACC_x_Silica_div_Manganese,0.0
trip_ACC_x_Potassium_div_Zinc,0.0
trip_ACC_div_Potassium_PEG_x_Silica,0.0
trip_ACC_x_Potassium_PEG_div_Manganese,0.0
trip_ACC_div_Potassium_PEG_x_Manganese,0.0
trip_ACC_x_Potassium_div_Silica,0.0
trip_ACC_div_Potassium_x_Silica,0.0
trip_ACC_x_Potassium_div_Manganese,0.0
trip_ACC_x_Potassium_div_Polyamines,0.0
trip_ACC_x_Manganese_div_Zinc,0.0
trip_ACC_x_Calcium_div_Polyamines,0.0
trip_ACC_div_Calcium_x_Polyamines,0.0
trip_ACC_x_Calcium_div_Zinc,0.0
trip_Biofilm_PEG_div_Proline_x_Antioxidants,0.0
trip_ACC_x_Silica_div_Polyamines,0.0
trip_ACC_div_Silica_x_Polyamines,0.0
trip_ACC_div_Silica_x_Zinc,0.0
trip_ACC_div_Manganese_x_Polyamines,0.0
trip_Biofilm_PEG_x_Trehalose_PEG_div_Polyamines,0.0
trip_Biofilm_PEG_x_Trehalose_PEG_div_Zinc,0.0
trip_Biofilm_PEG_x_Proline_div_Proline_PEG,0.0
trip_Biofilm_PEG_div_Trehalose_PEG_x_Potassium,0.0
trip_Biofilm_PEG_x_Trehalose_PEG_div_Potassium_PEG,0.0
trip_Biofilm_PEG_div_Trehalose_PEG_x_Potassium_PEG,0.0
trip_Biofilm_PEG_x_Trehalose_PEG_div_Glycine_Betaine,0.0
trip_Biofilm_PEG_x_Trehalose_PEG_div_Silica,0.0
trip_Biofilm_PEG_div_Trehalose_PEG_x_Silica,0.0
trip_Biofilm_PEG_x_Trehalose_PEG_div_Manganese,0.0
trip_ACC_PEG_x_Trehalose_PEG_div_Nitrogen,0.0
trip_ACC_PEG_x_Trehalose_PEG_div_Nitrogen_PEG,0.0
trip_ACC_PEG_x_Trehalose_PEG_div_Potassium,0.0
trip_Biofilm_PEG_div_Trehalose_x_Proline,0.0
trip_ACC_PEG_div_Trehalose_x_Manganese,0.0
trip_ACC_PEG_x_Trehalose_div_Polyamines,0.0
trip_ACC_PEG_x_Trehalose_PEG_div_Proline,0.0
trip_ACC_PEG_div_Trehalose_PEG_x_Proline,0.0
trip_ACC_PEG_x_Trehalose_PEG_div_Proline_PEG,0.0
trip_ACC_PEG_div_Trehalose_PEG_x_Proline_PEG,0.0
trip_ACC_PEG_div_Trehalose_PEG_x_Antioxidants,0.0
trip_ACC_PEG_div_Trehalose_PEG_x_Antioxidants_PEG,0.0
trip_ACC_PEG_x_Trehalose_div_Nitrogen_PEG,0.0
trip_ACC_PEG_x_Trehalose_div_Phosphate,0.0
trip_ACC_PEG_div_Trehalose_x_Potassium,0.0
trip_ACC_PEG_x_Trehalose_div_Silica,0.0
trip_ACC_PEG_div_Trehalose_x_Proline,0.0
trip_ACC_PEG_x_Trehalose_div_Proline_PEG,0.0
trip_ACC_PEG_div_Trehalose_x_Antioxidants,0.0
trip_ACC_PEG_x_Trehalose_div_Nitrogen,0.0
trip_ACC_PEG_div_Trehalose_PEG_x_Potassium_PEG,0.0
trip_ACC_PEG_x_Trehalose_PEG_div_Glycine_Betaine,0.0
trip_ACC_PEG_div_Trehalose_PEG_x_Glycine_Betaine,0.0
trip_ACC_PEG_x_Trehalose_PEG_div_Silica,0.0
trip_ACC_PEG_div_Trehalose_PEG_x_Silica,0.0
trip_ACC_PEG_x_Trehalose_PEG_div_Calcium,0.0
trip_ACC_PEG_x_Trehalose_PEG_div_Polyamines,0.0
trip_Biofilm_PEG_x_Trehalose_div_Calcium,0.0
trip_Biofilm_PEG_div_Trehalose_x_Polyamines,0.0
trip_Biofilm_PEG_x_Trehalose_div_Zinc,0.0
trip_Biofilm_PEG_x_Trehalose_PEG_div_Proline,0.0
trip_ACC_PEG_x_Trehalose_PEG_div_Potassium_PEG,0.0
trip_Biofilm_PEG_div_Trehalose_x_Potassium,0.0
trip_Biofilm_PEG_x_Trehalose_div_Glycine_Betaine,0.0
trip_Biofilm_PEG_x_Trehalose_div_Silica,0.0
trip_Biofilm_PEG_div_Trehalose_x_Silica,0.0
trip_Biofilm_PEG_div_Trehalose_x_Manganese,0.0
trip_Biofilm_PEG_x_Trehalose_div_Antioxidants_PEG,0.0
trip_Biofilm_PEG_x_Trehalose_div_Nitrogen,0.0
trip_Biofilm_PEG_x_Trehalose_div_Nitrogen_PEG,0.0
trip_Biofilm_PEG_div_Trehalose_x_Nitrogen_PEG,0.0
trip_Biofilm_PEG_div_Trehalose_x_Phosphate,0.0
trip_Biofilm_PEG_x_Trehalose_div_Potassium,0.0
trip_ACC_PEG_div_Proline_PEG_x_Nitrogen_PEG,0.0
trip_ACC_PEG_x_Proline_PEG_div_Phosphate,0.0
trip_ACC_PEG_x_Proline_PEG_div_Potassium,0.0
trip_ACC_PEG_div_Proline_PEG_x_Potassium,0.0
trip_ACC_PEG_div_Proline_PEG_x_Silica,0.0
trip_Biofilm_PEG_x_ACC_PEG_div_Antioxidants,0.0
trip_ACC_PEG_div_Proline_x_Silica,0.0
trip_ACC_PEG_x_Proline_div_Nitrogen,0.0
trip_ACC_PEG_div_Proline_x_Nitrogen,0.0
trip_ACC_PEG_x_Proline_div_Nitrogen_PEG,0.0
trip_ACC_PEG_div_Proline_x_Phosphate,0.0
trip_ACC_PEG_div_Proline_x_Potassium,0.0
trip_ACC_PEG_div_Proline_x_Glycine_Betaine,0.0
trip_ACC_PEG_div_Trehalose_PEG_x_Polyamines,0.0
trip_ACC_PEG_x_Proline_div_Proline_PEG,0.0
trip_ACC_PEG_div_Proline_x_Proline_PEG,0.0
trip_ACC_PEG_div_Proline_x_Antioxidants,0.0
trip_ACC_PEG_div_Antioxidants_x_Antioxidants_PEG,0.0
trip_ACC_PEG_div_Antioxidants_x_Nitrogen,0.0
trip_ACC_PEG_div_Antioxidants_x_Potassium_PEG,0.0
trip_ACC_PEG_div_Antioxidants_x_Glycine_Betaine,0.0
trip_ACC_PEG_div_Antioxidants_x_Silica,0.0
trip_ACC_PEG_x_Antioxidants_div_Manganese,0.0
trip_Biofilm_PEG_x_ACC_PEG_div_Polyamines,0.0
trip_Biofilm_PEG_div_ACC_PEG_x_Polyamines,0.0
trip_Biofilm_PEG_x_ACC_PEG_div_Zinc,0.0
trip_Biofilm_PEG_div_Trehalose_x_Trehalose_PEG,0.0
trip_ACC_PEG_div_Proline_PEG_x_Polyamines,0.0
trip_ACC_PEG_x_Antioxidants_div_Antioxidants_PEG,0.0
trip_Biofilm_PEG_x_ACC_PEG_div_Glycine_Betaine,0.0
trip_Biofilm_PEG_x_ACC_PEG_div_Silica,0.0
trip_Biofilm_PEG_div_ACC_PEG_x_Silica,0.0
trip_Biofilm_PEG_x_ACC_PEG_div_Manganese,0.0
trip_Biofilm_PEG_div_ACC_PEG_x_Manganese,0.0
trip_Biofilm_PEG_x_ACC_PEG_div_Calcium,0.0
trip_Biofilm_PEG_div_ACC_PEG_x_Calcium,0.0
trip_Biofilm_PEG_x_ACC_PEG_div_Antioxidants_PEG,0.0
trip_Biofilm_PEG_div_ACC_PEG_x_Antioxidants_PEG,0.0
trip_Biofilm_PEG_div_ACC_PEG_x_Nitrogen,0.0
trip_Biofilm_PEG_x_ACC_PEG_div_Nitrogen_PEG,0.0
trip_Biofilm_PEG_div_ACC_PEG_x_Phosphate,0.0
trip_ACC_PEG_div_Nitrogen_x_Potassium,0.0
trip_ACC_PEG_div_Nitrogen_x_Potassium_PEG,0.0
trip_ACC_PEG_x_Nitrogen_div_Silica,0.0
trip_ACC_PEG_x_Nitrogen_div_Manganese,0.0
trip_Biofilm_PEG_div_ACC_x_Proline_PEG,0.0
trip_Biofilm_PEG_x_ACC_div_Nitrogen,0.0
trip_ACC_PEG_x_Antioxidants_PEG_div_Polyamines,0.0
trip_ACC_PEG_div_Antioxidants_PEG_x_Polyamines,0.0
trip_ACC_PEG_x_Nitrogen_div_Phosphate,0.0
trip_ACC_PEG_x_Antioxidants_PEG_div_Potassium_PEG,0.0
trip_ACC_PEG_x_Antioxidants_PEG_div_Silica,0.0
trip_ACC_PEG_div_Antioxidants_PEG_x_Silica,0.0
trip_ACC_PEG_x_Antioxidants_PEG_div_Nitrogen,0.0
trip_ACC_PEG_div_Antioxidants_PEG_x_Nitrogen,0.0
trip_ACC_PEG_div_Antioxidants_PEG_x_Nitrogen_PEG,0.0
trip_ACC_PEG_x_Antioxidants_PEG_div_Potassium,0.0
trip_ACC_PEG_x_Nitrogen_PEG_div_Phosphate,0.0
trip_ACC_PEG_div_Nitrogen_PEG_x_Phosphate,0.0
trip_ACC_PEG_div_Nitrogen_PEG_x_Potassium,0.0
trip_ACC_PEG_x_Nitrogen_PEG_div_Potassium_PEG,0.0
trip_ACC_PEG_div_Nitrogen_PEG_x_Potassium_PEG,0.0
trip_Biofilm_PEG_div_ACC_PEG_x_Trehalose,0.0
trip_Biofilm_PEG_x_ACC_PEG_div_Trehalose_PEG,0.0
trip_Biofilm_PEG_x_ACC_PEG_div_Proline,0.0
trip_Biofilm_PEG_div_ACC_x_Glycine_Betaine,0.0
trip_Biofilm_PEG_div_ACC_x_Silica,0.0
trip_Biofilm_PEG_x_ACC_div_Manganese,0.0
trip_Biofilm_PEG_div_ACC_x_Manganese,0.0
trip_Biofilm_PEG_x_ACC_div_Polyamines,0.0
trip_Biofilm_PEG_x_ACC_div_Zinc,0.0
trip_Biofilm_PEG_div_ACC_x_Nitrogen,0.0
trip_Biofilm_PEG_x_ACC_div_Nitrogen_PEG,0.0
trip_Biofilm_PEG_div_ACC_x_Nitrogen_PEG,0.0
trip_Biofilm_PEG_div_ACC_x_Potassium,0.0
trip_Biofilm_PEG_x_ACC_div_Potassium_PEG,0.0
trip_Biofilm_PEG_div_ACC_x_Potassium_PEG,0.0
trip_ACC_PEG_x_Potassium_div_Zinc,0.0
trip_ACC_PEG_div_Potassium_PEG_x_Glycine_Betaine,0.0
trip_ACC_PEG_x_Potassium_PEG_div_Silica,0.0
trip_ACC_PEG_x_Potassium_PEG_div_Manganese,0.0
trip_ACC_PEG_x_Potassium_PEG_div_Calcium,0.0
trip_ACC_PEG_x_Potassium_div_Glycine_Betaine,0.0
trip_ACC_PEG_x_Potassium_div_Silica,0.0
trip_ACC_PEG_div_Potassium_x_Silica,0.0
trip_ACC_PEG_x_Potassium_div_Manganese,0.0
trip_ACC_PEG_div_Potassium_x_Polyamines,0.0
trip_ACC_PEG_x_Phosphate_div_Glycine_Betaine,0.0
trip_ACC_PEG_x_Phosphate_div_Manganese,0.0
trip_ACC_PEG_div_Phosphate_x_Polyamines,0.0
trip_ACC_PEG_x_Phosphate_div_Zinc,0.0
trip_ACC_PEG_x_Potassium_div_Potassium_PEG,0.0
trip_ACC_PEG_div_Nitrogen_PEG_x_Glycine_Betaine,0.0
trip_ACC_PEG_div_Nitrogen_PEG_x_Polyamines,0.0
trip_ACC_PEG_x_Phosphate_div_Potassium_PEG,0.0
trip_Biofilm_PEG_div_ACC_x_Proline,0.0
trip_Biofilm_PEG_x_ACC_div_Proline_PEG,0.0
trip_ACC_PEG_x_Glycine_Betaine_div_Manganese,0.0
trip_ACC_PEG_x_Glycine_Betaine_div_Calcium,0.0
trip_ACC_PEG_x_Glycine_Betaine_div_Polyamines,0.0
trip_Biofilm_PEG_x_Auxins_PEG_div_Polyamines,0.0
trip_Biofilm_PEG_x_ACC_div_ACC_PEG,0.0
trip_Biofilm_PEG_div_ACC_x_ACC_PEG,0.0
trip_Biofilm_PEG_div_ACC_x_Trehalose_PEG,0.0
trip_Biofilm_PEG_x_ACC_div_Proline,0.0
trip_Biofilm_PEG_x_Auxins_PEG_div_Glycine_Betaine,0.0
trip_Biofilm_PEG_div_Auxins_PEG_x_Glycine_Betaine,0.0
trip_Biofilm_PEG_div_Auxins_PEG_x_Manganese,0.0
trip_ACC_PEG_x_Potassium_PEG_div_Polyamines,0.0
trip_Biofilm_PEG_x_Auxins_PEG_div_Nitrogen,0.0
trip_Biofilm_PEG_x_Auxins_PEG_div_Phosphate,0.0
trip_Biofilm_PEG_div_Auxins_PEG_x_Potassium,0.0
trip_Trehalose_div_Trehalose_PEG_x_Polyamines,0.0
trip_Trehalose_x_Proline_div_Proline_PEG,0.0
trip_Biofilm_PEG_x_Auxins_div_Potassium_PEG,0.0
trip_Biofilm_PEG_div_Auxins_x_Potassium_PEG,0.0
trip_Biofilm_PEG_div_Auxins_x_Glycine_Betaine,0.0
trip_Biofilm_PEG_div_Auxins_x_Silica,0.0
trip_Trehalose_div_Trehalose_PEG_x_Potassium,0.0
trip_Trehalose_x_Trehalose_PEG_div_Potassium_PEG,0.0
trip_Trehalose_div_Trehalose_PEG_x_Potassium_PEG,0.0
trip_Trehalose_div_Trehalose_PEG_x_Glycine_Betaine,0.0
trip_Trehalose_div_Trehalose_PEG_x_Silica,0.0
trip_Trehalose_div_Trehalose_PEG_x_Calcium,0.0
trip_Trehalose_x_Trehalose_PEG_div_Polyamines,0.0
trip_Trehalose_div_Trehalose_PEG_x_Antioxidants,0.0
trip_Trehalose_x_Trehalose_PEG_div_Antioxidants_PEG,0.0
trip_Trehalose_div_Trehalose_PEG_x_Antioxidants_PEG,0.0
trip_Trehalose_x_Trehalose_PEG_div_Nitrogen,0.0
trip_Trehalose_div_Trehalose_PEG_x_Nitrogen_PEG,0.0
trip_Trehalose_x_Trehalose_PEG_div_Phosphate,0.0
trip_Trehalose_div_Trehalose_PEG_x_Phosphate,0.0
trip_ACC_PEG_x_Manganese_div_Calcium,0.0
trip_ACC_PEG_x_Calcium_div_Polyamines,0.0
trip_ACC_PEG_x_Calcium_div_Zinc,0.0
trip_Trehalose_x_Proline_div_Potassium,0.0
trip_Trehalose_div_Proline_x_Potassium,0.0
trip_Trehalose_div_Proline_x_Potassium_PEG,0.0
trip_Trehalose_div_Proline_x_Glycine_Betaine,0.0
trip_Biofilm_PEG_div_Auxins_PEG_x_Antioxidants,0.0
trip_Trehalose_x_Proline_div_Antioxidants_PEG,0.0
trip_Trehalose_x_Proline_div_Nitrogen_PEG,0.0
trip_Biofilm_PEG_div_Auxins_PEG_x_ACC_PEG,0.0
trip_Biofilm_PEG_x_Auxins_PEG_div_Trehalose,0.0
trip_Biofilm_PEG_div_Auxins_PEG_x_Trehalose,0.0
trip_Biofilm_PEG_x_Auxins_PEG_div_Trehalose_PEG,0.0
trip_Biofilm_PEG_div_Auxins_PEG_x_Trehalose_PEG,0.0
trip_Biofilm_PEG_x_Auxins_PEG_div_Proline_PEG,0.0
trip_Biofilm_PEG_div_Auxins_PEG_x_Proline_PEG,0.0
trip_Biofilm_PEG_x_Auxins_PEG_div_Antioxidants,0.0
trip_Biofilm_PEG_div_Auxins_x_Manganese,0.0
trip_Biofilm_PEG_div_Auxins_x_Calcium,0.0
trip_Biofilm_PEG_x_Auxins_PEG_div_ACC_PEG,0.0
trip_Trehalose_div_Proline_PEG_x_Polyamines,0.0
trip_Trehalose_x_Proline_PEG_div_Zinc,0.0
trip_Trehalose_div_Antioxidants_x_Glycine_Betaine,0.0
trip_Trehalose_x_Antioxidants_div_Silica,0.0
trip_Trehalose_div_Antioxidants_x_Silica,0.0
trip_Trehalose_div_Proline_PEG_x_Potassium_PEG,0.0
trip_Trehalose_div_Proline_PEG_x_Glycine_Betaine,0.0
trip_Trehalose_div_Proline_PEG_x_Silica,0.0
trip_Trehalose_x_Proline_PEG_div_Manganese,0.0
trip_Trehalose_x_Proline_PEG_div_Calcium,0.0
trip_Trehalose_div_Proline_PEG_x_Calcium,0.0
trip_Trehalose_x_Proline_PEG_div_Nitrogen,0.0
trip_Trehalose_div_Proline_PEG_x_Nitrogen,0.0
trip_Trehalose_x_Proline_PEG_div_Nitrogen_PEG,0.0
trip_Trehalose_x_Proline_PEG_div_Phosphate,0.0
trip_Trehalose_x_Proline_PEG_div_Potassium_PEG,0.0
trip_Trehalose_div_Proline_x_Silica,0.0
trip_Trehalose_div_Proline_x_Calcium,0.0
trip_ACC_PEG_x_Trehalose_PEG_div_Manganese,0.0
trip_Trehalose_x_Proline_PEG_div_Antioxidants_PEG,0.0
trip_Trehalose_div_Proline_PEG_x_Antioxidants_PEG,0.0
trip_Biofilm_div_Manganese_x_Polyamines,0.0
trip_Biofilm_x_Manganese_div_Zinc,0.0
trip_Biofilm_div_Manganese_x_Zinc,0.0
trip_Biofilm_div_Calcium_x_Polyamines,0.0
trip_Biofilm_div_Biofilm_PEG_x_ACC,0.0
trip_Biofilm_div_Calcium_x_Zinc,0.0
trip_Biofilm_x_Polyamines_div_Zinc,0.0
trip_Biofilm_div_Polyamines_x_Zinc,0.0
trip_Trehalose_div_Antioxidants_PEG_x_Glycine_Betaine,0.0
trip_Trehalose_x_Antioxidants_PEG_div_Silica,0.0
trip_Trehalose_div_Antioxidants_PEG_x_Silica,0.0
trip_Trehalose_x_Antioxidants_PEG_div_Manganese,0.0
trip_Trehalose_div_Antioxidants_PEG_x_Manganese,0.0
trip_Biofilm_x_Biofilm_PEG_div_ACC_PEG,0.0
trip_Trehalose_div_Antioxidants_PEG_x_Calcium,0.0
trip_Trehalose_x_Antioxidants_PEG_div_Polyamines,0.0
trip_Trehalose_x_Antioxidants_PEG_div_Nitrogen_PEG,0.0
trip_Trehalose_div_Antioxidants_PEG_x_Nitrogen_PEG,0.0
trip_Trehalose_x_Antioxidants_PEG_div_Phosphate,0.0
trip_Trehalose_x_Antioxidants_PEG_div_Potassium,0.0
trip_Potassium_PEG_div_Manganese_x_Zinc,0.0
trip_Trehalose_x_Antioxidants_PEG_div_Potassium_PEG,0.0
trip_Trehalose_div_Antioxidants_PEG_x_Potassium_PEG,0.0
trip_Trehalose_x_Antioxidants_PEG_div_Glycine_Betaine,0.0
trip_Potassium_PEG_div_Calcium_x_Polyamines,0.0
trip_Trehalose_div_Antioxidants_x_Manganese,0.0
trip_Potassium_PEG_div_Calcium_x_Zinc,0.0
trip_Trehalose_div_Antioxidants_x_Calcium,0.0
trip_Trehalose_x_Antioxidants_div_Polyamines,0.0
trip_Potassium_PEG_div_Polyamines_x_Zinc,0.0
trip_Trehalose_x_Antioxidants_PEG_div_Nitrogen,0.0
trip_Trehalose_div_Antioxidants_PEG_x_Nitrogen,0.0
trip_Trehalose_x_Nitrogen_div_Phosphate,0.0
trip_Trehalose_div_Nitrogen_x_Phosphate,0.0
trip_Glycine_Betaine_x_Silica_div_Manganese,0.0
trip_Trehalose_div_Nitrogen_x_Glycine_Betaine,0.0
trip_Trehalose_x_Nitrogen_div_Silica,0.0
trip_Trehalose_div_Nitrogen_x_Silica,0.0
trip_Trehalose_x_Nitrogen_div_Manganese,0.0
trip_Potassium_PEG_x_Glycine_Betaine_div_Silica,0.0
trip_Biofilm_PEG_div_Auxins_x_Nitrogen,0.0
trip_Biofilm_PEG_x_Auxins_div_Nitrogen_PEG,0.0
trip_Biofilm_PEG_div_Auxins_x_Nitrogen_PEG,0.0
trip_Biofilm_x_Biofilm_PEG_div_Glycine_Betaine,0.0
trip_Biofilm_div_Biofilm_PEG_x_Glycine_Betaine,0.0
trip_Trehalose_x_Antioxidants_PEG_div_Zinc,0.0
trip_Biofilm_div_Biofilm_PEG_x_Silica,0.0
trip_Biofilm_x_Biofilm_PEG_div_Manganese,0.0
trip_Biofilm_div_Biofilm_PEG_x_Manganese,0.0
trip_Biofilm_PEG_x_Auxins_div_Proline_PEG,0.0
trip_Biofilm_PEG_div_Auxins_x_Proline_PEG,0.0
trip_Potassium_PEG_div_Manganese_x_Polyamines,0.0
trip_Biofilm_PEG_div_Auxins_x_Antioxidants,0.0
trip_Biofilm_PEG_x_Auxins_div_Antioxidants_PEG,0.0
trip_Biofilm_PEG_div_Auxins_x_Antioxidants_PEG,0.0
trip_Biofilm_PEG_x_Auxins_div_Nitrogen,0.0
trip_Biofilm_PEG_x_Auxins_div_Auxins_PEG,0.0
trip_Biofilm_PEG_x_Auxins_div_ACC,0.0
trip_Biofilm_PEG_div_Auxins_x_ACC,0.0
trip_Potassium_PEG_x_Manganese_div_Zinc,0.0
trip_Biofilm_x_Biofilm_PEG_div_Nitrogen_PEG,0.0
trip_Biofilm_div_Biofilm_PEG_x_Nitrogen_PEG,0.0
trip_Biofilm_PEG_x_Auxins_div_Trehalose_PEG,0.0
trip_Biofilm_PEG_div_Auxins_x_Trehalose_PEG,0.0
trip_Biofilm_div_Biofilm_PEG_x_Phosphate,0.0
trip_Trehalose_div_Phosphate_x_Silica,0.0
trip_Trehalose_x_Phosphate_div_Manganese,0.0
trip_Trehalose_div_Phosphate_x_Manganese,0.0
trip_Biofilm_x_Biofilm_PEG_div_Potassium,0.0
trip_Trehalose_div_Phosphate_x_Calcium,0.0
trip_Biofilm_div_Biofilm_PEG_x_Potassium,0.0
trip_Trehalose_div_Phosphate_x_Polyamines,0.0
trip_Biofilm_x_Biofilm_PEG_div_Potassium_PEG,0.0
trip_Biofilm_div_Biofilm_PEG_x_Trehalose_PEG,0.0
trip_Biofilm_div_Biofilm_PEG_x_Proline_PEG,0.0
trip_Biofilm_x_Biofilm_PEG_div_Antioxidants,0.0
trip_Trehalose_x_Phosphate_div_Potassium_PEG,0.0
trip_Biofilm_div_Biofilm_PEG_x_Antioxidants,0.0
trip_Trehalose_x_Phosphate_div_Glycine_Betaine,0.0
trip_Trehalose_div_Phosphate_x_Glycine_Betaine,0.0
trip_Trehalose_x_Nitrogen_PEG_div_Glycine_Betaine,0.0
trip_Trehalose_div_Nitrogen_PEG_x_Glycine_Betaine,0.0
trip_Trehalose_x_Nitrogen_PEG_div_Silica,0.0
trip_Trehalose_div_Nitrogen_PEG_x_Silica,0.0
trip_Biofilm_x_Auxins_div_Auxins_PEG,0.0
trip_Auxins_div_Proline_x_Calcium,0.0
trip_Auxins_div_Proline_x_Polyamines,0.0
trip_Trehalose_div_Nitrogen_PEG_x_Calcium,0.0
trip_Trehalose_div_Nitrogen_x_Calcium,0.0
trip_Trehalose_div_Nitrogen_x_Polyamines,0.0
trip_Trehalose_x_Nitrogen_div_Zinc,0.0
trip_Trehalose_x_Nitrogen_PEG_div_Phosphate,0.0
trip_Trehalose_div_Nitrogen_PEG_x_Phosphate,0.0
trip_Auxins_x_Proline_div_Zinc,0.0
trip_Trehalose_div_Nitrogen_PEG_x_Potassium,0.0
trip_Trehalose_x_Nitrogen_PEG_div_Potassium_PEG,0.0
trip_Auxins_x_Proline_div_Potassium_PEG,0.0
trip_Auxins_div_Proline_x_Potassium_PEG,0.0
trip_Trehalose_x_Glycine_Betaine_div_Polyamines,0.0
trip_Trehalose_div_Glycine_Betaine_x_Polyamines,0.0
trip_Trehalose_x_Glycine_Betaine_div_Zinc,0.0
trip_Trehalose_x_Silica_div_Manganese,0.0
trip_Trehalose_div_Silica_x_Manganese,0.0
trip_Trehalose_x_Silica_div_Calcium,0.0
trip_Auxins_x_Proline_div_Glycine_Betaine,0.0
trip_Trehalose_div_Potassium_PEG_x_Calcium,0.0
trip_Trehalose_x_Potassium_PEG_div_Polyamines,0.0
trip_Auxins_x_Proline_div_Manganese,0.0
trip_Auxins_x_Proline_div_Calcium,0.0
trip_Trehalose_x_Glycine_Betaine_div_Silica,0.0
trip_Trehalose_div_Glycine_Betaine_x_Silica,0.0
trip_Trehalose_x_Glycine_Betaine_div_Manganese,0.0
trip_Trehalose_x_Potassium_div_Calcium,0.0
trip_Trehalose_div_Potassium_x_Calcium,0.0
trip_Trehalose_x_Potassium_div_Polyamines,0.0
trip_Glycine_Betaine_x_Polyamines_div_Zinc,0.0
trip_Trehalose_x_Potassium_div_Zinc,0.0
trip_Silica_div_Manganese_x_Calcium,0.0
trip_Trehalose_div_Potassium_PEG_x_Glycine_Betaine,0.0
trip_Trehalose_div_Potassium_PEG_x_Silica,0.0
trip_Auxins_x_Proline_div_Potassium,0.0
trip_Glycine_Betaine_div_Silica_x_Polyamines,0.0
trip_Trehalose_div_Potassium_x_Potassium_PEG,0.0
trip_Trehalose_div_Potassium_x_Glycine_Betaine,0.0
trip_Trehalose_x_Potassium_div_Silica,0.0
trip_Trehalose_div_Potassium_x_Silica,0.0
trip_Trehalose_x_Potassium_div_Manganese,0.0
trip_Trehalose_div_Potassium_x_Manganese,0.0
trip_Glycine_Betaine_x_Silica_div_Zinc,0.0
trip_Trehalose_PEG_div_Proline_x_Phosphate,0.0
trip_Trehalose_PEG_div_Proline_x_Potassium,0.0
trip_Trehalose_PEG_x_Proline_div_Potassium_PEG,0.0
trip_Biofilm_div_Potassium_PEG_x_Glycine_Betaine,0.0
trip_Biofilm_x_Potassium_PEG_div_Silica,0.0
trip_Biofilm_div_Potassium_PEG_x_Silica,0.0
trip_Biofilm_x_Potassium_PEG_div_Manganese,0.0
trip_Trehalose_PEG_x_Proline_div_Proline_PEG,0.0
trip_Trehalose_PEG_div_Proline_x_Proline_PEG,0.0
trip_Trehalose_PEG_x_Proline_div_Antioxidants,0.0
trip_Trehalose_PEG_x_Proline_div_Antioxidants_PEG,0.0
trip_Glycine_Betaine_div_Silica_x_Zinc,0.0
trip_Trehalose_PEG_div_Proline_x_Nitrogen,0.0
trip_Trehalose_PEG_x_Proline_div_Nitrogen_PEG,0.0
trip_Trehalose_PEG_div_Proline_x_Nitrogen_PEG,0.0
trip_Glycine_Betaine_div_Manganese_x_Polyamines,0.0
trip_Glycine_Betaine_div_Calcium_x_Polyamines,0.0
trip_Trehalose_x_Calcium_div_Polyamines,0.0
trip_Auxins_x_Antioxidants_div_Glycine_Betaine,0.0
trip_Auxins_x_Antioxidants_div_Silica,0.0
trip_Auxins_div_Antioxidants_x_Silica,0.0
trip_Trehalose_x_Polyamines_div_Zinc,0.0
trip_Auxins_x_Proline_PEG_div_Polyamines,0.0
trip_Trehalose_div_Silica_x_Calcium,0.0
trip_Trehalose_x_Silica_div_Polyamines,0.0
trip_Trehalose_div_Silica_x_Polyamines,0.0
trip_Auxins_div_Proline_PEG_x_Polyamines,0.0
trip_Trehalose_div_Silica_x_Zinc,0.0
trip_Trehalose_x_Manganese_div_Calcium,0.0
trip_Auxins_x_Antioxidants_div_Nitrogen,0.0
trip_Trehalose_x_Manganese_div_Polyamines,0.0
trip_Auxins_x_Proline_PEG_div_Potassium_PEG,0.0
trip_Trehalose_PEG_div_Proline_x_Potassium_PEG,0.0
trip_Trehalose_PEG_div_Proline_x_Silica,0.0
trip_Trehalose_PEG_div_Proline_x_Manganese,0.0
trip_Trehalose_PEG_x_Proline_div_Polyamines,0.0
trip_Trehalose_PEG_div_Proline_x_Zinc,0.0
trip_Trehalose_PEG_x_Proline_PEG_div_Antioxidants_PEG,0.0
trip_Trehalose_PEG_div_Proline_PEG_x_Antioxidants_PEG,0.0
trip_Auxins_div_Proline_PEG_x_Potassium_PEG,0.0
trip_Biofilm_div_Silica_x_Manganese,0.0
trip_Biofilm_div_Silica_x_Calcium,0.0
trip_Auxins_x_Proline_PEG_div_Glycine_Betaine,0.0
trip_Auxins_x_Proline_PEG_div_Silica,0.0
trip_Auxins_div_Proline_PEG_x_Silica,0.0
trip_Auxins_x_Proline_PEG_div_Manganese,0.0
trip_Biofilm_div_Manganese_x_Calcium,0.0
trip_Biofilm_x_Glycine_Betaine_div_Manganese,0.0
trip_Biofilm_div_Glycine_Betaine_x_Manganese,0.0
trip_Auxins_div_Proline_PEG_x_Manganese,0.0
trip_Biofilm_div_Glycine_Betaine_x_Calcium,0.0
trip_Auxins_div_Proline_PEG_x_Nitrogen,0.0
trip_Biofilm_div_Glycine_Betaine_x_Polyamines,0.0
trip_Biofilm_x_Glycine_Betaine_div_Zinc,0.0
trip_Biofilm_div_Glycine_Betaine_x_Zinc,0.0
trip_Biofilm_div_Potassium_PEG_x_Manganese,0.0
trip_Biofilm_x_Potassium_PEG_div_Calcium,0.0
trip_Biofilm_div_Potassium_PEG_x_Calcium,0.0
trip_Auxins_div_Proline_PEG_x_Nitrogen_PEG,0.0
trip_Biofilm_x_Potassium_PEG_div_Zinc,0.0
trip_Biofilm_div_Potassium_PEG_x_Zinc,0.0
trip_Biofilm_x_Glycine_Betaine_div_Silica,0.0
trip_Biofilm_div_Glycine_Betaine_x_Silica,0.0
trip_Trehalose_PEG_div_Antioxidants_x_Zinc,0.0
trip_Trehalose_PEG_x_Antioxidants_PEG_div_Nitrogen,0.0
trip_Biofilm_div_Nitrogen_PEG_x_Zinc,0.0
trip_Biofilm_x_Phosphate_div_Potassium,0.0
trip_Biofilm_div_Phosphate_x_Potassium,0.0
trip_Biofilm_x_Phosphate_div_Potassium_PEG,0.0
trip_Biofilm_x_Phosphate_div_Glycine_Betaine,0.0
trip_Biofilm_div_Phosphate_x_Glycine_Betaine,0.0
trip_Auxins_x_Proline_PEG_div_Phosphate,0.0
trip_Trehalose_PEG_x_Antioxidants_div_Potassium,0.0
trip_Auxins_x_Proline_PEG_div_Potassium,0.0
trip_Trehalose_PEG_div_Antioxidants_x_Potassium_PEG,0.0
trip_Trehalose_PEG_div_Antioxidants_x_Silica,0.0
trip_Trehalose_PEG_x_Antioxidants_div_Manganese,0.0
trip_Trehalose_PEG_div_Antioxidants_x_Manganese,0.0
trip_Trehalose_PEG_x_Antioxidants_div_Polyamines,0.0
trip_Trehalose_PEG_x_Proline_PEG_div_Glycine_Betaine,0.0
trip_Auxins_div_Proline_PEG_x_Potassium,0.0
trip_Auxins_x_Antioxidants_PEG_div_Nitrogen,0.0
trip_Trehalose_PEG_x_Proline_PEG_div_Polyamines,0.0
trip_Trehalose_PEG_div_Proline_PEG_x_Zinc,0.0
trip_Trehalose_PEG_div_Antioxidants_x_Antioxidants_PEG,0.0
trip_Trehalose_PEG_x_Antioxidants_div_Nitrogen,0.0
trip_Trehalose_PEG_div_Antioxidants_x_Nitrogen_PEG,0.0
trip_Trehalose_PEG_x_Proline_PEG_div_Nitrogen,0.0
trip_Trehalose_PEG_div_Proline_PEG_x_Nitrogen,0.0
trip_Auxins_div_Antioxidants_PEG_x_Nitrogen,0.0
trip_Trehalose_PEG_x_Proline_PEG_div_Phosphate,0.0
trip_Trehalose_PEG_div_Proline_PEG_x_Phosphate,0.0
trip_Trehalose_PEG_x_Proline_PEG_div_Potassium,0.0
trip_Auxins_x_Antioxidants_PEG_div_Nitrogen_PEG,0.0
trip_Trehalose_PEG_div_Proline_PEG_x_Potassium_PEG,0.0
trip_Trehalose_PEG_div_Antioxidants_PEG_x_Potassium,0.0
trip_Trehalose_PEG_x_Antioxidants_PEG_div_Potassium_PEG,0.0
trip_Trehalose_PEG_div_Antioxidants_PEG_x_Potassium_PEG,0.0
trip_Auxins_x_Antioxidants_PEG_div_Phosphate,0.0
trip_Trehalose_PEG_div_Antioxidants_PEG_x_Silica,0.0
trip_Trehalose_PEG_x_Antioxidants_PEG_div_Manganese,0.0
trip_Auxins_div_Antioxidants_PEG_x_Phosphate,0.0
trip_Trehalose_PEG_x_Antioxidants_PEG_div_Calcium,0.0
trip_Auxins_div_Antioxidants_PEG_x_Potassium,0.0
trip_Biofilm_x_Potassium_div_Zinc,0.0
trip_Auxins_x_Antioxidants_PEG_div_Potassium_PEG,0.0
trip_Biofilm_x_Potassium_PEG_div_Glycine_Betaine,0.0
trip_Trehalose_PEG_div_Antioxidants_PEG_x_Nitrogen,0.0
trip_Auxins_div_Proline_x_Proline_PEG,0.0
trip_Auxins_div_Proline_x_Antioxidants_PEG,0.0
trip_Trehalose_PEG_x_Antioxidants_PEG_div_Potassium,0.0
trip_Biofilm_x_Potassium_div_Glycine_Betaine,0.0
trip_Biofilm_div_Potassium_x_Glycine_Betaine,0.0
trip_Biofilm_div_Potassium_x_Silica,0.0
trip_Biofilm_x_Potassium_div_Manganese,0.0
trip_Biofilm_div_Potassium_x_Manganese,0.0
trip_Biofilm_x_Potassium_div_Calcium,0.0
trip_Biofilm_div_Potassium_x_Calcium,0.0
trip_Biofilm_x_Potassium_div_Polyamines,0.0
trip_Auxins_x_Proline_div_Nitrogen,0.0
trip_Auxins_div_Proline_x_Nitrogen,0.0
trip_Biofilm_div_Phosphate_x_Manganese,0.0
trip_Auxins_x_Proline_div_Nitrogen_PEG,0.0
trip_Biofilm_div_Phosphate_x_Calcium,0.0
trip_Auxins_x_Antioxidants_div_Polyamines,0.0
trip_Biofilm_div_Phosphate_x_Zinc,0.0
trip_Biofilm_x_Potassium_div_Potassium_PEG,0.0
trip_Auxins_x_Antioxidants_div_Zinc,0.0
trip_Auxins_div_Trehalose_PEG_x_Silica,0.0
trip_Trehalose_PEG_x_Nitrogen_PEG_div_Manganese,0.0
trip_Trehalose_PEG_div_Nitrogen_PEG_x_Manganese,0.0
trip_Trehalose_PEG_x_Nitrogen_PEG_div_Calcium,0.0
trip_Auxins_div_Trehalose_PEG_x_Polyamines,0.0
trip_Trehalose_PEG_x_Nitrogen_PEG_div_Zinc,0.0
trip_Trehalose_PEG_div_Nitrogen_PEG_x_Zinc,0.0
trip_Auxins_x_Proline_div_Proline_PEG,0.0
trip_Trehalose_PEG_x_Nitrogen_div_Zinc,0.0
trip_Trehalose_PEG_div_Nitrogen_x_Zinc,0.0
trip_Trehalose_PEG_x_Nitrogen_PEG_div_Phosphate,0.0
trip_Trehalose_PEG_div_Nitrogen_PEG_x_Phosphate,0.0
trip_Trehalose_PEG_div_Nitrogen_PEG_x_Potassium,0.0
trip_Trehalose_PEG_x_Nitrogen_PEG_div_Glycine_Betaine,0.0
trip_Auxins_div_Antioxidants_x_Manganese,0.0
trip_Auxins_div_Trehalose_PEG_x_Nitrogen,0.0
trip_Auxins_x_Trehalose_PEG_div_Phosphate,0.0
trip_Auxins_div_Trehalose_PEG_x_Phosphate,0.0
trip_Auxins_div_Nitrogen_PEG_x_Potassium,0.0
trip_Auxins_div_Nitrogen_PEG_x_Potassium_PEG,0.0
trip_Trehalose_PEG_x_Nitrogen_div_Calcium,0.0
trip_Auxins_div_Nitrogen_PEG_x_Glycine_Betaine,0.0
trip_Trehalose_PEG_x_Nitrogen_div_Polyamines,0.0
trip_Auxins_x_Nitrogen_PEG_div_Silica,0.0
trip_Trehalose_PEG_x_Antioxidants_PEG_div_Polyamines,0.0
trip_Auxins_div_Nitrogen_PEG_x_Silica,0.0
trip_Trehalose_PEG_div_Antioxidants_PEG_x_Zinc,0.0
trip_Auxins_div_Nitrogen_x_Silica,0.0
trip_Trehalose_PEG_div_Nitrogen_x_Nitrogen_PEG,0.0
trip_Trehalose_PEG_x_Nitrogen_div_Phosphate,0.0
trip_Trehalose_PEG_div_Nitrogen_x_Potassium,0.0
trip_Trehalose_PEG_x_Potassium_PEG_div_Calcium,0.0
trip_Auxins_x_Nitrogen_div_Manganese,0.0
trip_Biofilm_x_Nitrogen_div_Potassium_PEG,0.0
trip_Auxins_div_Nitrogen_x_Polyamines,0.0
trip_Biofilm_x_Nitrogen_div_Glycine_Betaine,0.0
trip_Biofilm_div_Nitrogen_x_Glycine_Betaine,0.0
trip_Auxins_x_Nitrogen_div_Zinc,0.0
trip_Auxins_div_Nitrogen_PEG_x_Phosphate,0.0
trip_Trehalose_PEG_x_Potassium_div_Calcium,0.0
trip_Trehalose_PEG_x_Potassium_div_Polyamines,0.0
trip_Trehalose_PEG_div_Potassium_x_Zinc,0.0
trip_Trehalose_PEG_x_Potassium_PEG_div_Glycine_Betaine,0.0
trip_Trehalose_PEG_x_Potassium_PEG_div_Silica,0.0
trip_Auxins_x_Antioxidants_PEG_div_Polyamines,0.0
trip_Trehalose_PEG_x_Potassium_PEG_div_Manganese,0.0
trip_Trehalose_PEG_div_Potassium_PEG_x_Manganese,0.0
trip_Trehalose_PEG_x_Phosphate_div_Polyamines,0.0
trip_Auxins_div_Antioxidants_PEG_x_Polyamines,0.0
trip_Trehalose_PEG_div_Phosphate_x_Zinc,0.0
trip_Auxins_x_Nitrogen_div_Potassium,0.0
trip_Trehalose_PEG_x_Potassium_div_Silica,0.0
trip_Trehalose_div_Proline_PEG_x_Antioxidants,0.0
trip_Auxins_div_Nitrogen_x_Potassium,0.0
trip_Trehalose_PEG_div_Potassium_x_Manganese,0.0
trip_Trehalose_PEG_x_Phosphate_div_Potassium,0.0
trip_Auxins_div_Nitrogen_x_Potassium_PEG,0.0
trip_Trehalose_PEG_div_Phosphate_x_Potassium_PEG,0.0
trip_Trehalose_PEG_x_Phosphate_div_Glycine_Betaine,0.0
trip_Auxins_x_Nitrogen_div_Silica,0.0
trip_Trehalose_PEG_div_Phosphate_x_Silica,0.0
trip_Auxins_div_Antioxidants_PEG_x_Potassium_PEG,0.0
trip_Trehalose_PEG_div_Phosphate_x_Manganese,0.0
trip_Trehalose_PEG_div_Potassium_PEG_x_Zinc,0.0
trip_Trehalose_PEG_x_Glycine_Betaine_div_Silica,0.0
trip_Trehalose_PEG_x_Glycine_Betaine_div_Manganese,0.0
trip_Trehalose_PEG_div_Glycine_Betaine_x_Manganese,0.0
trip_Trehalose_PEG_x_Glycine_Betaine_div_Polyamines,0.0
trip_Trehalose_PEG_x_Glycine_Betaine_div_Zinc,0.0
trip_Trehalose_PEG_div_Glycine_Betaine_x_Zinc,0.0
trip_Trehalose_PEG_div_Silica_x_Manganese,0.0
trip_Auxins_x_Antioxidants_PEG_div_Glycine_Betaine,0.0
trip_Biofilm_div_Nitrogen_PEG_x_Calcium,0.0
trip_Biofilm_x_Nitrogen_PEG_div_Polyamines,0.0
trip_Biofilm_div_Nitrogen_PEG_x_Polyamines,0.0
trip_Auxins_div_Antioxidants_PEG_x_Glycine_Betaine,0.0
trip_Auxins_x_Antioxidants_PEG_div_Silica,0.0
trip_Trehalose_PEG_x_Potassium_PEG_div_Polyamines,0.0
trip_Auxins_div_Antioxidants_PEG_x_Silica,0.0
trip_Biofilm_x_Nitrogen_PEG_div_Potassium_PEG,0.0
trip_Biofilm_div_Nitrogen_PEG_x_Potassium_PEG,0.0
trip_Biofilm_x_Nitrogen_PEG_div_Glycine_Betaine,0.0
trip_Biofilm_div_Nitrogen_PEG_x_Glycine_Betaine,0.0
trip_Auxins_x_Antioxidants_PEG_div_Manganese,0.0
trip_Biofilm_div_Nitrogen_PEG_x_Silica,0.0
trip_Biofilm_x_Nitrogen_PEG_div_Manganese,0.0
trip_Biofilm_div_Nitrogen_PEG_x_Manganese,0.0
trip_Biofilm_div_Nitrogen_x_Manganese,0.0
trip_Biofilm_x_Nitrogen_div_Calcium,0.0
trip_Biofilm_div_Nitrogen_x_Calcium,0.0
trip_Biofilm_div_Nitrogen_x_Polyamines,0.0
trip_Auxins_div_Antioxidants_PEG_x_Manganese,0.0
trip_Auxins_x_Antioxidants_PEG_div_Calcium,0.0
trip_Biofilm_x_Nitrogen_PEG_div_Potassium,0.0
trip_Biofilm_div_Nitrogen_PEG_x_Potassium,0.0
trip_Proline_div_Proline_PEG_x_Nitrogen_PEG,0.0
trip_Auxins_x_Phosphate_div_Potassium_PEG,0.0
trip_Auxins_div_Phosphate_x_Silica,0.0
trip_Proline_x_Proline_PEG_div_Potassium,0.0
trip_Proline_div_Proline_PEG_x_Potassium,0.0
trip_Proline_x_Proline_PEG_div_Potassium_PEG,0.0
trip_Proline_div_Proline_PEG_x_Potassium_PEG,0.0
trip_Auxins_div_Phosphate_x_Polyamines,0.0
trip_Trehalose_PEG_x_Polyamines_div_Zinc,0.0
trip_Trehalose_PEG_div_Polyamines_x_Zinc,0.0
trip_Proline_div_Proline_PEG_x_Antioxidants,0.0
trip_Proline_x_Proline_PEG_div_Antioxidants_PEG,0.0
trip_Proline_div_Proline_PEG_x_Antioxidants_PEG,0.0
trip_Auxins_div_Trehalose_x_Polyamines,0.0
trip_Auxins_x_Trehalose_PEG_div_Proline,0.0
trip_Proline_x_Proline_PEG_div_Nitrogen_PEG,0.0
trip_Auxins_x_Trehalose_PEG_div_Proline_PEG,0.0
trip_Trehalose_PEG_div_Manganese_x_Polyamines,0.0
trip_Trehalose_PEG_x_Manganese_div_Zinc,0.0
trip_Trehalose_PEG_div_Manganese_x_Zinc,0.0
trip_Trehalose_PEG_x_Calcium_div_Polyamines,0.0
trip_Auxins_div_Trehalose_x_Potassium,0.0
trip_Auxins_div_Trehalose_x_Potassium_PEG,0.0
trip_Trehalose_PEG_div_Calcium_x_Zinc,0.0
trip_Trehalose_PEG_x_Silica_div_Calcium,0.0
trip_Trehalose_PEG_div_Silica_x_Calcium,0.0
trip_Trehalose_PEG_x_Silica_div_Polyamines,0.0
trip_Auxins_div_Trehalose_x_Glycine_Betaine,0.0
trip_Auxins_x_Trehalose_div_Silica,0.0
trip_Trehalose_PEG_div_Silica_x_Zinc,0.0
trip_Trehalose_PEG_x_Manganese_div_Calcium,0.0
trip_Trehalose_PEG_div_Manganese_x_Calcium,0.0
trip_Biofilm_x_Antioxidants_PEG_div_Zinc,0.0
trip_Auxins_div_Trehalose_x_Silica,0.0
trip_Biofilm_x_Nitrogen_div_Nitrogen_PEG,0.0
trip_Biofilm_div_Nitrogen_x_Nitrogen_PEG,0.0
trip_Auxins_div_Trehalose_x_Manganese,0.0
trip_Biofilm_x_Nitrogen_div_Potassium,0.0
trip_Auxins_x_Trehalose_div_Polyamines,0.0
trip_Proline_div_Antioxidants_x_Nitrogen_PEG,0.0
trip_Biofilm_div_Antioxidants_PEG_x_Potassium_PEG,0.0
trip_Biofilm_x_Antioxidants_PEG_div_Glycine_Betaine,0.0
trip_Biofilm_div_Antioxidants_PEG_x_Glycine_Betaine,0.0
trip_Auxins_div_Nitrogen_PEG_x_Polyamines,0.0
trip_Biofilm_x_Antioxidants_PEG_div_Manganese,0.0
trip_Biofilm_div_Antioxidants_PEG_x_Manganese,0.0
trip_Biofilm_x_Antioxidants_PEG_div_Calcium,0.0
trip_Biofilm_div_Antioxidants_PEG_x_Calcium,0.0
trip_Biofilm_div_Antioxidants_x_Polyamines,0.0
trip_Auxins_div_Trehalose_x_Antioxidants_PEG,0.0
trip_Auxins_x_Trehalose_div_Nitrogen,0.0
trip_Biofilm_x_Antioxidants_PEG_div_Nitrogen,0.0
trip_Biofilm_x_Antioxidants_PEG_div_Nitrogen_PEG,0.0
trip_Biofilm_x_Antioxidants_PEG_div_Phosphate,0.0
trip_Biofilm_div_Antioxidants_PEG_x_Phosphate,0.0
trip_Biofilm_x_Antioxidants_PEG_div_Potassium,0.0
trip_Proline_x_Proline_PEG_div_Silica,0.0
trip_Auxins_div_Trehalose_x_Nitrogen,0.0
trip_Proline_div_Proline_PEG_x_Manganese,0.0
trip_Proline_div_Proline_PEG_x_Polyamines,0.0
trip_Proline_div_Antioxidants_x_Antioxidants_PEG,0.0
trip_Auxins_div_Trehalose_x_Nitrogen_PEG,0.0
trip_Biofilm_div_Antioxidants_x_Calcium,0.0
trip_Biofilm_x_Antioxidants_div_Polyamines,0.0
trip_Auxins_x_Trehalose_div_Phosphate,0.0
trip_Auxins_div_Silica_x_Polyamines,0.0
trip_Proline_div_Nitrogen_x_Potassium_PEG,0.0
trip_Proline_x_Nitrogen_div_Glycine_Betaine,0.0
trip_Proline_x_Nitrogen_div_Silica,0.0
trip_Proline_x_Nitrogen_div_Manganese,0.0
trip_Proline_div_Nitrogen_x_Manganese,0.0
trip_Proline_x_Nitrogen_div_Calcium,0.0
trip_Proline_x_Antioxidants_PEG_div_Calcium,0.0
trip_Auxins_x_Silica_div_Zinc,0.0
trip_Proline_div_Antioxidants_PEG_x_Polyamines,0.0
trip_Proline_x_Antioxidants_PEG_div_Zinc,0.0
trip_Proline_x_Nitrogen_div_Nitrogen_PEG,0.0
trip_Proline_div_Nitrogen_x_Nitrogen_PEG,0.0
trip_Proline_div_Nitrogen_x_Phosphate,0.0
trip_Auxins_x_Manganese_div_Calcium,0.0
trip_Proline_x_Antioxidants_PEG_div_Nitrogen_PEG,0.0
trip_Proline_div_Antioxidants_PEG_x_Phosphate,0.0
trip_Auxins_x_Manganese_div_Polyamines,0.0
trip_Proline_x_Antioxidants_PEG_div_Potassium_PEG,0.0
trip_Proline_x_Antioxidants_PEG_div_Glycine_Betaine,0.0
trip_Proline_x_Antioxidants_PEG_div_Silica,0.0
trip_Proline_x_Antioxidants_PEG_div_Manganese,0.0
trip_Proline_div_Antioxidants_PEG_x_Manganese,0.0
trip_Proline_x_Antioxidants_div_Phosphate,0.0
trip_Proline_x_Antioxidants_div_Potassium,0.0
trip_Proline_div_Antioxidants_x_Potassium,0.0
trip_Auxins_x_ACC_PEG_div_Antioxidants_PEG,0.0
trip_Proline_div_Antioxidants_x_Manganese,0.0
trip_Auxins_div_ACC_PEG_x_Nitrogen,0.0
trip_Proline_div_Antioxidants_x_Polyamines,0.0
trip_Proline_div_Antioxidants_PEG_x_Nitrogen,0.0
trip_Proline_div_Nitrogen_PEG_x_Phosphate,0.0
trip_Proline_x_Nitrogen_PEG_div_Potassium_PEG,0.0
trip_Proline_div_Nitrogen_PEG_x_Potassium_PEG,0.0
trip_Auxins_x_Glycine_Betaine_div_Silica,0.0
trip_Proline_x_Nitrogen_PEG_div_Silica,0.0
trip_Auxins_x_Glycine_Betaine_div_Manganese,0.0
trip_Proline_x_Nitrogen_PEG_div_Manganese,0.0
trip_Proline_div_Nitrogen_PEG_x_Manganese,0.0
trip_Biofilm_x_Antioxidants_div_Potassium,0.0
trip_Biofilm_div_Antioxidants_x_Potassium,0.0
trip_Biofilm_x_Antioxidants_div_Potassium_PEG,0.0
trip_Biofilm_div_Antioxidants_x_Potassium_PEG,0.0
trip_Auxins_x_Glycine_Betaine_div_Calcium,0.0
trip_Biofilm_div_Antioxidants_x_Glycine_Betaine,0.0
trip_Biofilm_x_Antioxidants_div_Manganese,0.0
trip_Auxins_x_Glycine_Betaine_div_Polyamines,0.0
trip_Biofilm_div_Proline_PEG_x_Manganese,0.0
trip_Biofilm_div_Proline_PEG_x_Calcium,0.0
trip_Biofilm_x_Proline_PEG_div_Polyamines,0.0
trip_Auxins_x_Glycine_Betaine_div_Zinc,0.0
trip_Auxins_x_Potassium_div_Polyamines,0.0
trip_Auxins_div_Potassium_PEG_x_Silica,0.0
trip_Biofilm_x_Antioxidants_div_Nitrogen,0.0
trip_Biofilm_x_Antioxidants_div_Nitrogen_PEG,0.0
trip_Proline_x_Nitrogen_div_Polyamines,0.0
trip_Proline_div_Nitrogen_x_Polyamines,0.0
trip_Proline_x_Nitrogen_div_Zinc,0.0
trip_Biofilm_div_Proline_PEG_x_Potassium_PEG,0.0
trip_Biofilm_x_Proline_PEG_div_Glycine_Betaine,0.0
trip_Biofilm_div_Proline_PEG_x_Glycine_Betaine,0.0
trip_Biofilm_div_Proline_PEG_x_Silica,0.0
trip_Auxins_div_Potassium_x_Glycine_Betaine,0.0
trip_Proline_x_Potassium_PEG_div_Glycine_Betaine,0.0
trip_Proline_x_Potassium_PEG_div_Silica,0.0
trip_Proline_x_Potassium_PEG_div_Manganese,0.0
trip_Proline_div_Potassium_PEG_x_Manganese,0.0
trip_Proline_x_Potassium_PEG_div_Calcium,0.0
trip_Proline_x_Potassium_PEG_div_Polyamines,0.0
trip_Proline_div_Potassium_PEG_x_Polyamines,0.0
trip_Proline_x_Potassium_PEG_div_Zinc,0.0
trip_Proline_x_Potassium_div_Glycine_Betaine,0.0
trip_Proline_x_Potassium_div_Silica,0.0
trip_Proline_x_Potassium_div_Manganese,0.0
trip_Proline_div_Potassium_x_Manganese,0.0
trip_Proline_x_Potassium_div_Calcium,0.0
trip_Proline_x_Potassium_div_Polyamines,0.0
trip_Proline_div_Potassium_x_Polyamines,0.0
trip_Proline_x_Potassium_div_Zinc,0.0
trip_Proline_x_Phosphate_div_Glycine_Betaine,0.0
trip_Proline_x_Phosphate_div_Manganese,0.0
trip_Proline_div_Phosphate_x_Manganese,0.0
trip_Proline_x_Phosphate_div_Calcium,0.0
trip_Proline_x_Phosphate_div_Polyamines,0.0
trip_Proline_div_Phosphate_x_Polyamines,0.0
trip_Auxins_x_Potassium_div_Silica,0.0
trip_Proline_div_Potassium_x_Potassium_PEG,0.0
trip_Proline_x_Nitrogen_PEG_div_Polyamines,0.0
trip_Proline_div_Nitrogen_PEG_x_Polyamines,0.0
trip_Auxins_div_Potassium_x_Silica,0.0
trip_Auxins_x_Calcium_div_Polyamines,0.0
trip_Proline_x_Phosphate_div_Potassium,0.0
trip_Proline_div_Phosphate_x_Potassium,0.0
trip_Proline_x_Phosphate_div_Potassium_PEG,0.0
trip_Proline_div_Phosphate_x_Potassium_PEG,0.0
trip_Auxins_x_Polyamines_div_Zinc,0.0
trip_Auxins_PEG_div_ACC_x_ACC_PEG,0.0
trip_Auxins_PEG_x_ACC_div_Trehalose,0.0
trip_Biofilm_div_Proline_x_Nitrogen_PEG,0.0
trip_Biofilm_div_Proline_x_Phosphate,0.0
trip_Biofilm_x_Proline_div_Potassium,0.0
trip_Biofilm_div_Proline_x_Potassium,0.0
trip_Biofilm_x_Proline_div_Potassium_PEG,0.0
trip_Proline_div_Manganese_x_Polyamines,0.0
trip_Proline_x_Manganese_div_Zinc,0.0
trip_Auxins_x_Trehalose_div_Trehalose_PEG,0.0
trip_Auxins_div_Trehalose_x_Trehalose_PEG,0.0
trip_Auxins_x_Trehalose_div_Proline,0.0
trip_Proline_x_Polyamines_div_Zinc,0.0
trip_Auxins_div_Trehalose_x_Proline_PEG,0.0
trip_Proline_PEG_div_Antioxidants_x_Antioxidants_PEG,0.0
trip_Proline_x_Silica_div_Manganese,0.0
trip_Proline_div_Silica_x_Manganese,0.0
trip_Proline_x_Silica_div_Polyamines,0.0
trip_Proline_div_Silica_x_Polyamines,0.0
trip_Proline_x_Silica_div_Zinc,0.0
trip_Auxins_div_ACC_PEG_x_Silica,0.0
trip_Proline_x_Manganese_div_Calcium,0.0
trip_Proline_x_Manganese_div_Polyamines,0.0
trip_Auxins_x_ACC_PEG_div_Manganese,0.0
trip_Proline_x_Glycine_Betaine_div_Manganese,0.0
trip_Auxins_div_ACC_PEG_x_Manganese,0.0
trip_Proline_x_Glycine_Betaine_div_Calcium,0.0
trip_Proline_x_Glycine_Betaine_div_Polyamines,0.0
trip_Auxins_x_ACC_PEG_div_Calcium,0.0
trip_Auxins_div_ACC_PEG_x_Polyamines,0.0
trip_Auxins_x_ACC_PEG_div_Zinc,0.0
trip_Proline_PEG_x_Antioxidants_div_Glycine_Betaine,0.0
trip_Auxins_div_ACC_PEG_x_Nitrogen_PEG,0.0
trip_Auxins_x_ACC_PEG_div_Phosphate,0.0
trip_Proline_PEG_div_Antioxidants_x_Manganese,0.0
trip_Auxins_x_ACC_PEG_div_Potassium,0.0
trip_Proline_PEG_div_Antioxidants_x_Polyamines,0.0
trip_Proline_PEG_x_Antioxidants_div_Zinc,0.0
trip_Auxins_div_ACC_PEG_x_Potassium,0.0
trip_Auxins_div_ACC_PEG_x_Potassium_PEG,0.0
trip_Auxins_x_ACC_PEG_div_Silica,0.0
trip_Biofilm_x_Proline_PEG_div_Potassium,0.0
trip_Biofilm_div_Proline_PEG_x_Potassium,0.0
trip_Biofilm_x_Proline_PEG_div_Potassium_PEG,0.0
trip_Proline_PEG_div_Antioxidants_x_Phosphate,0.0
trip_Proline_PEG_x_Antioxidants_div_Potassium,0.0
trip_Proline_PEG_x_Antioxidants_div_Potassium_PEG,0.0
trip_Biofilm_div_Proline_x_Calcium,0.0
trip_Biofilm_x_Proline_div_Polyamines,0.0
trip_Biofilm_x_Proline_div_Zinc,0.0
trip_Auxins_PEG_x_ACC_PEG_div_Antioxidants_PEG,0.0
trip_Biofilm_div_Proline_PEG_x_Antioxidants,0.0
trip_Auxins_PEG_div_ACC_PEG_x_Antioxidants_PEG,0.0
trip_Biofilm_div_Proline_PEG_x_Antioxidants_PEG,0.0
trip_Biofilm_x_Proline_PEG_div_Nitrogen,0.0
trip_Biofilm_div_Proline_x_Potassium_PEG,0.0
trip_Biofilm_x_Proline_div_Glycine_Betaine,0.0
trip_Biofilm_div_Proline_x_Glycine_Betaine,0.0
trip_Auxins_PEG_div_ACC_PEG_x_Nitrogen,0.0
trip_Biofilm_div_Proline_x_Silica,0.0
trip_Biofilm_x_Proline_div_Manganese,0.0
trip_Biofilm_div_Proline_x_Manganese,0.0
trip_Auxins_PEG_div_ACC_PEG_x_Nitrogen_PEG,0.0
trip_Proline_PEG_div_Nitrogen_x_Manganese,0.0
trip_Auxins_PEG_x_ACC_PEG_div_Phosphate,0.0
trip_Auxins_div_ACC_x_Antioxidants_PEG,0.0
trip_Auxins_PEG_x_ACC_div_Polyamines,0.0
trip_Proline_PEG_x_Nitrogen_PEG_div_Phosphate,0.0
trip_Proline_PEG_div_Nitrogen_PEG_x_Phosphate,0.0
trip_Proline_PEG_x_Nitrogen_PEG_div_Potassium,0.0
trip_Proline_PEG_div_Nitrogen_PEG_x_Potassium,0.0
trip_Proline_PEG_x_Nitrogen_div_Nitrogen_PEG,0.0
trip_Proline_PEG_div_Nitrogen_x_Nitrogen_PEG,0.0
trip_Proline_PEG_x_Nitrogen_div_Phosphate,0.0
trip_Proline_PEG_div_Nitrogen_x_Phosphate,0.0
trip_Proline_PEG_div_Nitrogen_x_Potassium,0.0
trip_Proline_PEG_div_Nitrogen_x_Potassium_PEG,0.0
trip_Proline_PEG_div_Nitrogen_x_Silica,0.0
trip_Auxins_PEG_div_ACC_x_Polyamines,0.0
trip_Proline_PEG_x_Antioxidants_PEG_div_Silica,0.0
trip_Proline_PEG_div_Antioxidants_PEG_x_Silica,0.0
trip_Proline_PEG_div_Antioxidants_PEG_x_Manganese,0.0
trip_Auxins_PEG_x_ACC_PEG_div_Trehalose,0.0
trip_Auxins_PEG_div_ACC_PEG_x_Trehalose,0.0
trip_Auxins_PEG_div_ACC_PEG_x_Proline,0.0
trip_Proline_PEG_div_Antioxidants_PEG_x_Polyamines,0.0
trip_Auxins_PEG_x_ACC_div_Nitrogen,0.0
trip_Proline_PEG_x_Antioxidants_PEG_div_Nitrogen,0.0
trip_Auxins_PEG_x_ACC_div_Nitrogen_PEG,0.0
trip_Auxins_PEG_x_ACC_div_Phosphate,0.0
trip_Proline_PEG_x_Antioxidants_PEG_div_Phosphate,0.0
trip_Auxins_PEG_x_ACC_div_Potassium,0.0
trip_Proline_PEG_div_Antioxidants_PEG_x_Potassium,0.0
trip_Proline_PEG_div_Antioxidants_PEG_x_Potassium_PEG,0.0
trip_Auxins_PEG_div_ACC_x_Silica,0.0
trip_Biofilm_x_Proline_div_Nitrogen,0.0
trip_Auxins_PEG_x_ACC_div_Manganese,0.0
trip_Proline_PEG_div_Nitrogen_PEG_x_Potassium_PEG,0.0
trip_Proline_PEG_x_Nitrogen_PEG_div_Manganese,0.0
trip_Proline_PEG_div_Nitrogen_PEG_x_Manganese,0.0
trip_Proline_PEG_div_Nitrogen_PEG_x_Polyamines,0.0
trip_Auxins_PEG_div_ACC_x_Trehalose,0.0
trip_Proline_PEG_div_Phosphate_x_Potassium,0.0
trip_Auxins_PEG_x_ACC_div_Proline,0.0
trip_Auxins_PEG_x_ACC_div_Antioxidants,0.0
trip_Auxins_PEG_x_ACC_div_Antioxidants_PEG,0.0
trip_Auxins_PEG_x_ACC_PEG_div_Manganese,0.0
trip_Biofilm_div_Proline_x_Proline_PEG,0.0
trip_Auxins_PEG_x_ACC_PEG_div_Polyamines,0.0
trip_Auxins_PEG_div_ACC_PEG_x_Polyamines,0.0
trip_Auxins_PEG_x_Trehalose_div_Trehalose_PEG,0.0
trip_Biofilm_div_Trehalose_PEG_x_Potassium_PEG,0.0
trip_Biofilm_x_Trehalose_PEG_div_Glycine_Betaine,0.0
trip_Biofilm_div_Trehalose_PEG_x_Glycine_Betaine,0.0
trip_Biofilm_x_Trehalose_PEG_div_Silica,0.0
trip_Biofilm_div_Trehalose_PEG_x_Silica,0.0
trip_Auxins_PEG_div_Trehalose_x_Trehalose_PEG,0.0
trip_Biofilm_div_Trehalose_PEG_x_Manganese,0.0
trip_Biofilm_div_Trehalose_PEG_x_Calcium,0.0
trip_Proline_PEG_x_Nitrogen_PEG_div_Potassium_PEG,0.0
trip_Auxins_PEG_x_Trehalose_div_Proline,0.0
trip_Biofilm_x_Trehalose_PEG_div_Nitrogen_PEG,0.0
trip_Biofilm_div_Trehalose_PEG_x_Nitrogen_PEG,0.0
trip_Biofilm_div_Trehalose_PEG_x_Phosphate,0.0
trip_Auxins_x_ACC_PEG_div_Proline_PEG,0.0
trip_Biofilm_div_Trehalose_PEG_x_Potassium,0.0
trip_Biofilm_x_Trehalose_PEG_div_Potassium_PEG,0.0
trip_Auxins_div_ACC_PEG_x_Proline_PEG,0.0
trip_Proline_PEG_div_Glycine_Betaine_x_Manganese,0.0
trip_Proline_PEG_x_Glycine_Betaine_div_Calcium,0.0
trip_Proline_PEG_div_Glycine_Betaine_x_Calcium,0.0
trip_Proline_PEG_x_Glycine_Betaine_div_Polyamines,0.0
trip_Proline_PEG_div_Glycine_Betaine_x_Polyamines,0.0
trip_Auxins_PEG_div_ACC_PEG_x_Potassium,0.0
trip_Auxins_PEG_x_ACC_PEG_div_Potassium_PEG,0.0
trip_Proline_PEG_x_Potassium_PEG_div_Manganese,0.0
trip_Proline_PEG_div_Potassium_PEG_x_Manganese,0.0
trip_Proline_PEG_x_Potassium_PEG_div_Polyamines,0.0
trip_Proline_PEG_div_Potassium_PEG_x_Polyamines,0.0
trip_Proline_PEG_x_Potassium_PEG_div_Zinc,0.0
trip_Auxins_PEG_div_ACC_PEG_x_Potassium_PEG,0.0
trip_Auxins_div_ACC_x_Manganese,0.0
trip_Calcium_div_Polyamines_x_Zinc,0.0
trip_Proline_PEG_div_Potassium_x_Silica,0.0
trip_Proline_PEG_x_Potassium_div_Manganese,0.0
trip_Proline_PEG_div_Potassium_x_Manganese,0.0
trip_Auxins_x_ACC_PEG_div_Trehalose_PEG,0.0
trip_Auxins_div_ACC_PEG_x_Trehalose_PEG,0.0
trip_Auxins_div_ACC_x_Nitrogen,0.0
trip_Proline_PEG_x_Potassium_PEG_div_Glycine_Betaine,0.0
trip_Auxins_x_ACC_div_Phosphate,0.0
trip_Proline_PEG_x_Phosphate_div_Potassium_PEG,0.0
trip_Proline_PEG_div_Phosphate_x_Potassium_PEG,0.0
trip_Auxins_div_ACC_x_Phosphate,0.0
trip_Proline_PEG_div_Phosphate_x_Silica,0.0
trip_Proline_PEG_div_Phosphate_x_Manganese,0.0
trip_Auxins_div_ACC_x_Potassium,0.0
trip_Auxins_div_ACC_x_Silica,0.0
trip_Proline_PEG_x_Potassium_div_Potassium_PEG,0.0
trip_Auxins_div_Auxins_PEG_x_Nitrogen_PEG,0.0
trip_Biofilm_div_Trehalose_x_Nitrogen,0.0
trip_Auxins_div_Auxins_PEG_x_Potassium_PEG,0.0
trip_Biofilm_div_Trehalose_x_Nitrogen_PEG,0.0
trip_Auxins_div_Auxins_PEG_x_Glycine_Betaine,0.0
trip_Auxins_div_Auxins_PEG_x_Silica,0.0
trip_Biofilm_x_Trehalose_div_Potassium,0.0
trip_Biofilm_div_Trehalose_x_Potassium,0.0
trip_Auxins_PEG_x_Trehalose_PEG_div_Antioxidants_PEG,0.0
trip_Auxins_PEG_div_Trehalose_PEG_x_Nitrogen,0.0
trip_Antioxidants_x_Antioxidants_PEG_div_Potassium_PEG,0.0
trip_Auxins_PEG_x_Trehalose_PEG_div_Phosphate,0.0
trip_Auxins_PEG_div_Trehalose_PEG_x_Phosphate,0.0
trip_Auxins_PEG_div_Trehalose_PEG_x_Potassium,0.0
trip_Biofilm_x_Trehalose_div_Antioxidants_PEG,0.0
trip_Biofilm_div_Trehalose_x_Antioxidants_PEG,0.0
trip_Proline_PEG_div_Manganese_x_Zinc,0.0
trip_Proline_PEG_div_Calcium_x_Polyamines,0.0
trip_Proline_PEG_div_Calcium_x_Zinc,0.0
trip_Proline_PEG_x_Polyamines_div_Zinc,0.0
trip_Auxins_PEG_div_Trehalose_x_Potassium,0.0
trip_Auxins_PEG_div_Trehalose_x_Silica,0.0
trip_Antioxidants_div_Antioxidants_PEG_x_Nitrogen,0.0
trip_Antioxidants_x_Antioxidants_PEG_div_Nitrogen_PEG,0.0
trip_Proline_PEG_div_Silica_x_Manganese,0.0
trip_Auxins_PEG_x_Trehalose_div_Polyamines,0.0
trip_Proline_PEG_div_Silica_x_Polyamines,0.0
trip_Auxins_PEG_div_Trehalose_x_Polyamines,0.0
trip_Auxins_PEG_x_Trehalose_PEG_div_Proline,0.0
trip_Proline_PEG_x_Manganese_div_Polyamines,0.0
trip_Proline_PEG_div_Manganese_x_Polyamines,0.0
trip_Proline_PEG_x_Manganese_div_Zinc,0.0
trip_Antioxidants_div_Antioxidants_PEG_x_Polyamines,0.0
trip_Auxins_PEG_div_Trehalose_x_Proline_PEG,0.0
trip_Antioxidants_div_Antioxidants_PEG_x_Zinc,0.0
trip_Antioxidants_x_Nitrogen_div_Nitrogen_PEG,0.0
trip_Antioxidants_div_Nitrogen_x_Nitrogen_PEG,0.0
trip_Antioxidants_x_Nitrogen_div_Phosphate,0.0
trip_Auxins_PEG_x_Trehalose_div_Antioxidants_PEG,0.0
trip_Antioxidants_x_Nitrogen_div_Potassium_PEG,0.0
trip_Antioxidants_div_Antioxidants_PEG_x_Glycine_Betaine,0.0
trip_Antioxidants_x_Antioxidants_PEG_div_Silica,0.0
trip_Antioxidants_div_Antioxidants_PEG_x_Silica,0.0
trip_Antioxidants_x_Antioxidants_PEG_div_Manganese,0.0
trip_Antioxidants_div_Antioxidants_PEG_x_Manganese,0.0
trip_Antioxidants_x_Antioxidants_PEG_div_Calcium,0.0
trip_Antioxidants_div_Antioxidants_PEG_x_Calcium,0.0
trip_Antioxidants_x_Antioxidants_PEG_div_Polyamines,0.0
trip_Biofilm_x_Trehalose_div_Polyamines,0.0
trip_Biofilm_div_Trehalose_x_Zinc,0.0
trip_Auxins_PEG_div_Trehalose_x_Antioxidants_PEG,0.0
trip_Auxins_PEG_x_Trehalose_div_Phosphate,0.0
trip_Biofilm_div_Trehalose_PEG_x_Proline_PEG,0.0
trip_Biofilm_x_Trehalose_PEG_div_Antioxidants,0.0
trip_Auxins_PEG_div_Proline_x_Antioxidants_PEG,0.0
trip_Biofilm_x_Trehalose_PEG_div_Antioxidants_PEG,0.0
trip_Biofilm_div_Trehalose_x_Potassium_PEG,0.0
trip_Biofilm_x_Trehalose_div_Glycine_Betaine,0.0
trip_Biofilm_div_Trehalose_x_Glycine_Betaine,0.0
trip_Auxins_PEG_div_Proline_x_Nitrogen_PEG,0.0
trip_Biofilm_div_Trehalose_x_Silica,0.0
trip_Auxins_PEG_x_Proline_div_Phosphate,0.0
trip_Biofilm_div_Trehalose_x_Manganese,0.0
trip_Biofilm_div_Trehalose_x_Calcium,0.0
trip_Auxins_PEG_div_Proline_x_Phosphate,0.0
trip_Antioxidants_x_Nitrogen_PEG_div_Zinc,0.0
trip_Antioxidants_div_Nitrogen_PEG_x_Zinc,0.0
trip_Auxins_PEG_x_Proline_div_Potassium,0.0
trip_Antioxidants_x_Phosphate_div_Glycine_Betaine,0.0
trip_Antioxidants_x_Phosphate_div_Silica,0.0
trip_Antioxidants_div_Phosphate_x_Silica,0.0
trip_Antioxidants_div_Phosphate_x_Manganese,0.0
trip_Antioxidants_div_Nitrogen_PEG_x_Glycine_Betaine,0.0
trip_Antioxidants_x_Nitrogen_PEG_div_Silica,0.0
trip_Antioxidants_div_Nitrogen_PEG_x_Silica,0.0
trip_Antioxidants_x_Nitrogen_PEG_div_Manganese,0.0
trip_Antioxidants_div_Nitrogen_PEG_x_Manganese,0.0
trip_Antioxidants_x_Nitrogen_PEG_div_Calcium,0.0
trip_Auxins_PEG_x_Proline_div_Proline_PEG,0.0
trip_Antioxidants_x_Nitrogen_PEG_div_Polyamines,0.0
trip_Antioxidants_div_Nitrogen_x_Polyamines,0.0
trip_Auxins_PEG_div_Proline_x_Proline_PEG,0.0
trip_Antioxidants_div_Nitrogen_x_Zinc,0.0
trip_Antioxidants_x_Nitrogen_PEG_div_Phosphate,0.0
trip_Antioxidants_x_Nitrogen_PEG_div_Potassium,0.0
trip_Antioxidants_div_Nitrogen_PEG_x_Potassium,0.0
trip_Auxins_PEG_div_Proline_x_Antioxidants,0.0
trip_Antioxidants_x_Nitrogen_PEG_div_Glycine_Betaine,0.0
trip_Antioxidants_div_Nitrogen_x_Glycine_Betaine,0.0
trip_Antioxidants_x_Nitrogen_div_Silica,0.0
trip_Antioxidants_div_Nitrogen_x_Silica,0.0
trip_Antioxidants_x_Nitrogen_div_Manganese,0.0
trip_Antioxidants_div_Nitrogen_x_Manganese,0.0
trip_Antioxidants_x_Nitrogen_div_Calcium,0.0
trip_Antioxidants_div_Nitrogen_x_Calcium,0.0
trip_Antioxidants_x_Nitrogen_div_Polyamines,0.0
trip_Auxins_x_ACC_div_Trehalose,0.0
trip_Antioxidants_div_Potassium_PEG_x_Calcium,0.0
trip_Auxins_div_ACC_x_Trehalose,0.0
trip_Antioxidants_div_Potassium_PEG_x_Polyamines,0.0
trip_Antioxidants_x_Potassium_PEG_div_Zinc,0.0
trip_Antioxidants_div_Potassium_PEG_x_Zinc,0.0
trip_Antioxidants_div_Glycine_Betaine_x_Silica,0.0
trip_Antioxidants_div_Glycine_Betaine_x_Manganese,0.0
trip_Antioxidants_x_Potassium_div_Zinc,0.0
trip_Antioxidants_div_Potassium_x_Zinc,0.0
trip_Antioxidants_x_Potassium_PEG_div_Glycine_Betaine,0.0
trip_Antioxidants_div_Potassium_PEG_x_Glycine_Betaine,0.0
trip_Auxins_x_ACC_div_Trehalose_PEG,0.0
trip_Antioxidants_div_Potassium_PEG_x_Silica,0.0
trip_Antioxidants_x_Potassium_PEG_div_Manganese,0.0
trip_Antioxidants_div_Potassium_PEG_x_Manganese,0.0
trip_Antioxidants_x_Potassium_div_Silica,0.0
trip_Antioxidants_div_Potassium_x_Silica,0.0
trip_Antioxidants_x_Potassium_div_Manganese,0.0
trip_Antioxidants_div_Potassium_x_Manganese,0.0
trip_Auxins_div_ACC_x_Proline_PEG,0.0
trip_Antioxidants_div_Potassium_x_Calcium,0.0
trip_Antioxidants_x_Potassium_div_Polyamines,0.0
trip_Antioxidants_div_Potassium_x_Polyamines,0.0
trip_Auxins_x_Auxins_PEG_div_Calcium,0.0
trip_Antioxidants_div_Phosphate_x_Polyamines,0.0
trip_Auxins_div_Auxins_PEG_x_Polyamines,0.0
trip_Antioxidants_div_Phosphate_x_Zinc,0.0
trip_Auxins_x_Auxins_PEG_div_Zinc,0.0
trip_Antioxidants_div_Potassium_x_Potassium_PEG,0.0
trip_Auxins_x_ACC_div_ACC_PEG,0.0
trip_Antioxidants_div_Potassium_x_Glycine_Betaine,0.0
trip_Antioxidants_PEG_div_Nitrogen_x_Nitrogen_PEG,0.0
trip_Antioxidants_PEG_x_Nitrogen_div_Phosphate,0.0
trip_Antioxidants_PEG_x_Nitrogen_div_Potassium,0.0
trip_Antioxidants_PEG_div_Nitrogen_x_Potassium,0.0
trip_Antioxidants_PEG_x_Nitrogen_div_Potassium_PEG,0.0
trip_Biofilm_div_ACC_PEG_x_Antioxidants,0.0
trip_Auxins_x_Auxins_PEG_div_Antioxidants_PEG,0.0
trip_Biofilm_div_ACC_PEG_x_Antioxidants_PEG,0.0
trip_Antioxidants_div_Manganese_x_Polyamines,0.0
trip_Auxins_div_Auxins_PEG_x_Antioxidants_PEG,0.0
trip_Antioxidants_div_Manganese_x_Zinc,0.0
trip_Antioxidants_div_Calcium_x_Polyamines,0.0
trip_Antioxidants_div_Calcium_x_Zinc,0.0
trip_Antioxidants_x_Polyamines_div_Zinc,0.0
trip_Antioxidants_div_Polyamines_x_Zinc,0.0
trip_Antioxidants_PEG_x_Nitrogen_div_Nitrogen_PEG,0.0
trip_Auxins_div_Auxins_PEG_x_Nitrogen,0.0
trip_Antioxidants_div_Silica_x_Calcium,0.0
trip_Auxins_x_Auxins_PEG_div_Nitrogen_PEG,0.0
trip_Auxins_PEG_x_Proline_div_Manganese,0.0
trip_Antioxidants_div_Silica_x_Zinc,0.0
trip_Auxins_x_Auxins_PEG_div_ACC_PEG,0.0
trip_Auxins_div_Auxins_PEG_x_ACC_PEG,0.0
trip_Antioxidants_x_Manganese_div_Polyamines,0.0
trip_Antioxidants_x_Glycine_Betaine_div_Calcium,0.0
trip_Antioxidants_div_Glycine_Betaine_x_Calcium,0.0
trip_Antioxidants_x_Glycine_Betaine_div_Polyamines,0.0
trip_Antioxidants_div_Glycine_Betaine_x_Polyamines,0.0
trip_Auxins_div_Auxins_PEG_x_Trehalose_PEG,0.0
trip_Antioxidants_div_Glycine_Betaine_x_Zinc,0.0
trip_Antioxidants_x_Silica_div_Manganese,0.0
trip_Antioxidants_div_Silica_x_Manganese,0.0
trip_Auxins_div_Auxins_PEG_x_Proline,0.0
trip_Antioxidants_PEG_div_Nitrogen_x_Silica,0.0
trip_Antioxidants_PEG_x_Nitrogen_div_Calcium,0.0
trip_Biofilm_PEG_x_Manganese_div_Zinc,0.0
trip_Antioxidants_PEG_x_Nitrogen_div_Polyamines,0.0
trip_Antioxidants_PEG_div_Nitrogen_x_Polyamines,0.0
trip_Biofilm_PEG_x_Polyamines_div_Zinc,0.0
trip_Antioxidants_PEG_x_Nitrogen_PEG_div_Phosphate,0.0
trip_Biofilm_x_Trehalose_div_Trehalose_PEG,0.0
trip_Biofilm_div_Trehalose_x_Trehalose_PEG,0.0
trip_Biofilm_x_Trehalose_div_Proline,0.0
trip_Biofilm_div_Trehalose_x_Proline,0.0
trip_Biofilm_div_Trehalose_x_Proline_PEG,0.0
trip_Antioxidants_PEG_div_Nitrogen_x_Potassium_PEG,0.0
trip_Biofilm_PEG_div_Polyamines_x_Zinc,0.0
trip_Antioxidants_PEG_div_Nitrogen_x_Glycine_Betaine,0.0
trip_Biofilm_x_ACC_PEG_div_Silica,0.0
trip_Biofilm_div_ACC_PEG_x_Silica,0.0
trip_Biofilm_x_ACC_PEG_div_Manganese,0.0
trip_Biofilm_div_ACC_PEG_x_Manganese,0.0
trip_Biofilm_div_ACC_PEG_x_Calcium,0.0
trip_Biofilm_x_ACC_PEG_div_Polyamines,0.0
trip_Biofilm_x_ACC_PEG_div_Zinc,0.0
trip_Biofilm_div_ACC_PEG_x_Zinc,0.0
trip_Auxins_PEG_x_Proline_div_Potassium_PEG,0.0
trip_Biofilm_div_ACC_PEG_x_Nitrogen,0.0
trip_Auxins_PEG_div_Proline_x_Potassium_PEG,0.0
trip_Auxins_PEG_x_Proline_div_Glycine_Betaine,0.0
trip_Biofilm_x_ACC_PEG_div_Potassium,0.0
trip_Biofilm_x_ACC_PEG_div_Potassium_PEG,0.0
trip_Biofilm_PEG_div_Silica_x_Zinc,0.0
trip_Biofilm_div_ACC_PEG_x_Glycine_Betaine,0.0
trip_Antioxidants_PEG_x_Potassium_div_Silica,0.0
trip_Antioxidants_PEG_div_Potassium_x_Silica,0.0
trip_Antioxidants_PEG_x_Potassium_div_Manganese,0.0
trip_Auxins_PEG_div_Antioxidants_x_Polyamines,0.0
trip_Auxins_PEG_div_Antioxidants_PEG_x_Nitrogen,0.0
trip_Auxins_PEG_x_Antioxidants_PEG_div_Nitrogen_PEG,0.0
trip_Antioxidants_PEG_x_Potassium_div_Polyamines,0.0
trip_Antioxidants_PEG_div_Potassium_x_Polyamines,0.0
trip_Auxins_PEG_div_Antioxidants_PEG_x_Nitrogen_PEG,0.0
trip_Antioxidants_PEG_div_Phosphate_x_Silica,0.0
trip_Auxins_PEG_x_Antioxidants_PEG_div_Phosphate,0.0
trip_Antioxidants_PEG_div_Phosphate_x_Polyamines,0.0
trip_Antioxidants_PEG_x_Potassium_div_Potassium_PEG,0.0
trip_Antioxidants_PEG_div_Potassium_x_Potassium_PEG,0.0
trip_Antioxidants_PEG_x_Potassium_div_Glycine_Betaine,0.0
trip_Auxins_PEG_div_Antioxidants_x_Nitrogen_PEG,0.0
trip_Auxins_PEG_x_Antioxidants_div_Potassium_PEG,0.0
trip_Antioxidants_PEG_x_Nitrogen_PEG_div_Polyamines,0.0
trip_Auxins_PEG_div_Antioxidants_x_Potassium_PEG,0.0
trip_Auxins_PEG_div_Proline_PEG_x_Phosphate,0.0
trip_Auxins_PEG_x_Proline_PEG_div_Potassium,0.0
trip_Auxins_PEG_x_Proline_PEG_div_Potassium_PEG,0.0
trip_Auxins_PEG_x_Proline_PEG_div_Glycine_Betaine,0.0
trip_Auxins_PEG_div_Proline_PEG_x_Polyamines,0.0
trip_Antioxidants_PEG_div_Nitrogen_PEG_x_Phosphate,0.0
trip_Auxins_PEG_div_Proline_PEG_x_Antioxidants,0.0
trip_Antioxidants_PEG_div_Nitrogen_PEG_x_Potassium,0.0
trip_Antioxidants_PEG_x_Nitrogen_PEG_div_Glycine_Betaine,0.0
trip_Antioxidants_PEG_div_Nitrogen_PEG_x_Glycine_Betaine,0.0
trip_Antioxidants_PEG_x_Nitrogen_PEG_div_Silica,0.0
trip_Antioxidants_PEG_div_Nitrogen_PEG_x_Silica,0.0
trip_Antioxidants_PEG_x_Nitrogen_PEG_div_Manganese,0.0
trip_Biofilm_div_ACC_PEG_x_Proline,0.0
trip_Auxins_PEG_div_Proline_PEG_x_Antioxidants_PEG,0.0
trip_Biofilm_div_ACC_PEG_x_Proline_PEG,0.0
trip_Antioxidants_PEG_div_Potassium_PEG_x_Silica,0.0
trip_Antioxidants_PEG_x_Potassium_PEG_div_Manganese,0.0
trip_Antioxidants_PEG_x_Potassium_PEG_div_Polyamines,0.0
trip_Antioxidants_PEG_div_Potassium_PEG_x_Polyamines,0.0
trip_Antioxidants_PEG_x_Potassium_PEG_div_Zinc,0.0
trip_Biofilm_x_ACC_div_Calcium,0.0
trip_Biofilm_div_ACC_x_Calcium,0.0
trip_Biofilm_x_ACC_div_Polyamines,0.0
trip_Biofilm_x_ACC_div_Zinc,0.0
trip_Biofilm_div_ACC_x_Zinc,0.0
trip_Biofilm_x_ACC_PEG_div_Trehalose,0.0
trip_Auxins_PEG_x_Proline_PEG_div_Nitrogen,0.0
trip_Auxins_PEG_x_Proline_PEG_div_Nitrogen_PEG,0.0
trip_Biofilm_x_ACC_div_Potassium,0.0
trip_Biofilm_x_ACC_div_Potassium_PEG,0.0
trip_Biofilm_div_ACC_x_Potassium_PEG,0.0
trip_Biofilm_x_ACC_div_Glycine_Betaine,0.0
trip_Biofilm_div_ACC_x_Glycine_Betaine,0.0
trip_Biofilm_x_ACC_div_Silica,0.0
trip_Biofilm_x_ACC_div_Manganese,0.0
trip_Biofilm_div_ACC_x_Manganese,0.0
trip_Auxins_PEG_div_Proline_PEG_x_Nitrogen_PEG,0.0
trip_Antioxidants_PEG_x_Potassium_PEG_div_Glycine_Betaine,0.0
trip_Antioxidants_PEG_div_Potassium_PEG_x_Glycine_Betaine,0.0
trip_Antioxidants_PEG_x_Potassium_PEG_div_Silica,0.0
trip_Biofilm_x_ACC_div_Nitrogen,0.0
trip_Biofilm_div_ACC_x_Nitrogen,0.0
trip_Biofilm_x_ACC_div_Nitrogen_PEG,0.0
trip_Auxins_PEG_x_Proline_PEG_div_Phosphate,0.0
trip_Nitrogen_div_Nitrogen_PEG_x_Silica,0.0
trip_Nitrogen_div_Nitrogen_PEG_x_Manganese,0.0
trip_Nitrogen_div_Nitrogen_PEG_x_Calcium,0.0
trip_Nitrogen_x_Nitrogen_PEG_div_Polyamines,0.0
trip_Auxins_PEG_x_Antioxidants_PEG_div_Potassium,0.0
trip_Nitrogen_div_Nitrogen_PEG_x_Zinc,0.0
trip_Auxins_PEG_div_Antioxidants_PEG_x_Potassium,0.0
trip_Nitrogen_x_Phosphate_div_Potassium_PEG,0.0
trip_Antioxidants_PEG_x_Polyamines_div_Zinc,0.0
trip_Nitrogen_x_Nitrogen_PEG_div_Phosphate,0.0
trip_Nitrogen_div_Nitrogen_PEG_x_Phosphate,0.0
trip_Nitrogen_x_Nitrogen_PEG_div_Potassium,0.0
trip_Nitrogen_div_Nitrogen_PEG_x_Potassium,0.0
trip_Nitrogen_x_Nitrogen_PEG_div_Potassium_PEG,0.0
trip_Nitrogen_div_Nitrogen_PEG_x_Potassium_PEG,0.0
trip_Nitrogen_div_Nitrogen_PEG_x_Glycine_Betaine,0.0
trip_Antioxidants_PEG_x_Silica_div_Manganese,0.0
trip_Auxins_PEG_x_Antioxidants_PEG_div_Manganese,0.0
trip_Antioxidants_PEG_div_Silica_x_Calcium,0.0
trip_Antioxidants_PEG_x_Silica_div_Polyamines,0.0
trip_Antioxidants_PEG_div_Silica_x_Polyamines,0.0
trip_Antioxidants_PEG_x_Manganese_div_Polyamines,0.0
trip_Biofilm_PEG_div_Glycine_Betaine_x_Calcium,0.0
trip_Biofilm_PEG_x_Glycine_Betaine_div_Zinc,0.0
trip_Antioxidants_PEG_x_Glycine_Betaine_div_Silica,0.0
trip_Antioxidants_PEG_div_Glycine_Betaine_x_Silica,0.0
trip_Antioxidants_PEG_x_Glycine_Betaine_div_Manganese,0.0
trip_Biofilm_PEG_x_Silica_div_Polyamines,0.0
trip_Antioxidants_PEG_x_Glycine_Betaine_div_Calcium,0.0
trip_Antioxidants_PEG_x_Glycine_Betaine_div_Polyamines,0.0
trip_Antioxidants_PEG_div_Glycine_Betaine_x_Polyamines,0.0
trip_Antioxidants_PEG_x_Glycine_Betaine_div_Zinc,0.0
trip_Nitrogen_x_Potassium_PEG_div_Silica,0.0
trip_Nitrogen_div_Potassium_PEG_x_Silica,0.0
trip_Nitrogen_x_Potassium_PEG_div_Manganese,0.0
trip_Nitrogen_div_Potassium_PEG_x_Manganese,0.0
trip_Nitrogen_x_Potassium_PEG_div_Calcium,0.0
trip_Auxins_PEG_div_Antioxidants_PEG_x_Phosphate,0.0
trip_Biofilm_PEG_div_Glycine_Betaine_x_Silica,0.0
trip_Biofilm_PEG_x_Glycine_Betaine_div_Manganese,0.0
trip_Nitrogen_div_Potassium_x_Silica,0.0
trip_Nitrogen_div_Potassium_x_Manganese,0.0
trip_Nitrogen_div_Potassium_x_Calcium,0.0
trip_Nitrogen_x_Potassium_div_Polyamines,0.0
trip_Nitrogen_div_Potassium_x_Polyamines,0.0
trip_Biofilm_PEG_div_Glycine_Betaine_x_Manganese,0.0
trip_Nitrogen_div_Potassium_x_Zinc,0.0
trip_Nitrogen_div_Potassium_PEG_x_Glycine_Betaine,0.0
trip_Nitrogen_div_Phosphate_x_Calcium,0.0
trip_Nitrogen_x_Phosphate_div_Polyamines,0.0
trip_Nitrogen_div_Phosphate_x_Polyamines,0.0
trip_Biofilm_PEG_x_Potassium_PEG_div_Glycine_Betaine,0.0
trip_Nitrogen_div_Phosphate_x_Zinc,0.0
trip_Nitrogen_x_Potassium_div_Potassium_PEG,0.0
trip_Nitrogen_x_Potassium_div_Glycine_Betaine,0.0
trip_Biofilm_PEG_div_Potassium_PEG_x_Glycine_Betaine,0.0
trip_Biofilm_PEG_x_Potassium_PEG_div_Silica,0.0
trip_Nitrogen_x_Phosphate_div_Glycine_Betaine,0.0
trip_Biofilm_PEG_div_Potassium_PEG_x_Silica,0.0
trip_Nitrogen_x_Phosphate_div_Silica,0.0
trip_Nitrogen_div_Phosphate_x_Silica,0.0
trip_Nitrogen_x_Phosphate_div_Manganese,0.0
trip_Nitrogen_div_Phosphate_x_Manganese,0.0
trip_Biofilm_PEG_div_Potassium_PEG_x_Manganese,0.0
trip_Biofilm_PEG_div_Potassium_PEG_x_Calcium,0.0
trip_Nitrogen_div_Glycine_Betaine_x_Calcium,0.0
trip_Biofilm_PEG_x_Phosphate_div_Potassium,0.0
trip_Nitrogen_div_Glycine_Betaine_x_Polyamines,0.0
trip_Biofilm_PEG_x_Phosphate_div_Potassium_PEG,0.0
trip_Nitrogen_div_Glycine_Betaine_x_Zinc,0.0
trip_Nitrogen_x_Silica_div_Manganese,0.0
trip_Nitrogen_div_Silica_x_Manganese,0.0
trip_Auxins_PEG_div_Nitrogen_PEG_x_Polyamines,0.0
trip_Nitrogen_div_Potassium_PEG_x_Polyamines,0.0
trip_Auxins_PEG_div_Phosphate_x_Potassium,0.0
trip_Nitrogen_div_Potassium_PEG_x_Zinc,0.0
trip_Nitrogen_x_Glycine_Betaine_div_Silica,0.0
trip_Nitrogen_div_Glycine_Betaine_x_Silica,0.0
trip_Nitrogen_x_Glycine_Betaine_div_Manganese,0.0
trip_Nitrogen_div_Glycine_Betaine_x_Manganese,0.0
trip_Biofilm_div_ACC_x_Trehalose,0.0
trip_Biofilm_x_ACC_div_Trehalose_PEG,0.0
trip_Auxins_PEG_x_Phosphate_div_Potassium_PEG,0.0
trip_Auxins_PEG_div_Phosphate_x_Potassium_PEG,0.0
trip_Auxins_PEG_x_Nitrogen_div_Zinc,0.0
trip_Biofilm_x_ACC_div_Proline_PEG,0.0
trip_Biofilm_div_ACC_x_Proline_PEG,0.0
trip_Auxins_PEG_x_Nitrogen_PEG_div_Phosphate,0.0
trip_Auxins_PEG_div_Nitrogen_PEG_x_Phosphate,0.0
trip_Auxins_PEG_div_Antioxidants_PEG_x_Polyamines,0.0
trip_Biofilm_div_Auxins_PEG_x_Glycine_Betaine,0.0
trip_Biofilm_div_Auxins_PEG_x_Manganese,0.0
trip_Biofilm_div_Auxins_PEG_x_Calcium,0.0
trip_Auxins_PEG_x_Nitrogen_div_Phosphate,0.0
trip_Auxins_PEG_div_Nitrogen_x_Phosphate,0.0
trip_Biofilm_x_ACC_div_Trehalose,0.0
trip_Nitrogen_PEG_x_Phosphate_div_Calcium,0.0
trip_Nitrogen_PEG_x_Phosphate_div_Polyamines,0.0
trip_Nitrogen_PEG_div_Phosphate_x_Polyamines,0.0
trip_Nitrogen_PEG_x_Phosphate_div_Zinc,0.0
trip_Nitrogen_PEG_div_Phosphate_x_Zinc,0.0
trip_Nitrogen_PEG_x_Potassium_div_Potassium_PEG,0.0
trip_Auxins_PEG_div_Nitrogen_x_Potassium,0.0
trip_Auxins_PEG_x_Potassium_div_Polyamines,0.0
trip_Nitrogen_PEG_div_Phosphate_x_Potassium,0.0
trip_Nitrogen_PEG_x_Phosphate_div_Potassium_PEG,0.0
trip_Auxins_PEG_x_Potassium_div_Zinc,0.0
trip_Auxins_PEG_x_Potassium_PEG_div_Manganese,0.0
trip_Nitrogen_PEG_x_Phosphate_div_Silica,0.0
trip_Nitrogen_PEG_div_Phosphate_x_Silica,0.0
trip_Nitrogen_PEG_x_Phosphate_div_Manganese,0.0
trip_Nitrogen_PEG_div_Phosphate_x_Manganese,0.0
trip_Nitrogen_div_Manganese_x_Zinc,0.0
trip_Nitrogen_x_Calcium_div_Polyamines,0.0
trip_Nitrogen_div_Calcium_x_Polyamines,0.0
trip_Nitrogen_x_Calcium_div_Zinc,0.0
trip_Nitrogen_div_Calcium_x_Zinc,0.0
trip_Nitrogen_x_Polyamines_div_Zinc,0.0
trip_Nitrogen_div_Polyamines_x_Zinc,0.0
trip_Nitrogen_PEG_x_Phosphate_div_Potassium,0.0
trip_Biofilm_PEG_div_Nitrogen_x_Nitrogen_PEG,0.0
trip_Nitrogen_div_Silica_x_Calcium,0.0
trip_Nitrogen_x_Silica_div_Polyamines,0.0
trip_Nitrogen_div_Silica_x_Polyamines,0.0
trip_Biofilm_PEG_div_Potassium_x_Manganese,0.0
trip_Nitrogen_div_Silica_x_Zinc,0.0
trip_Nitrogen_div_Manganese_x_Calcium,0.0
trip_Nitrogen_div_Manganese_x_Polyamines,0.0
trip_Biofilm_PEG_x_Potassium_div_Polyamines,0.0
trip_Nitrogen_PEG_div_Glycine_Betaine_x_Zinc,0.0
trip_Auxins_PEG_x_Potassium_div_Glycine_Betaine,0.0
trip_Nitrogen_PEG_div_Silica_x_Manganese,0.0
trip_Nitrogen_PEG_x_Silica_div_Calcium,0.0
trip_Nitrogen_PEG_div_Silica_x_Calcium,0.0
trip_Nitrogen_PEG_x_Silica_div_Polyamines,0.0
trip_Nitrogen_PEG_div_Silica_x_Polyamines,0.0
trip_Nitrogen_PEG_div_Potassium_PEG_x_Calcium,0.0
trip_Auxins_PEG_x_Potassium_div_Silica,0.0
trip_Nitrogen_PEG_div_Potassium_PEG_x_Polyamines,0.0
trip_Nitrogen_PEG_div_Potassium_PEG_x_Zinc,0.0
trip_Auxins_PEG_x_Potassium_div_Manganese,0.0
trip_Nitrogen_PEG_x_Glycine_Betaine_div_Manganese,0.0
trip_Biofilm_PEG_x_Phosphate_div_Polyamines,0.0
trip_Biofilm_PEG_div_Phosphate_x_Polyamines,0.0
trip_Nitrogen_PEG_x_Potassium_div_Zinc,0.0
trip_Nitrogen_PEG_div_Potassium_x_Zinc,0.0
trip_Nitrogen_PEG_x_Potassium_PEG_div_Glycine_Betaine,0.0
trip_Biofilm_PEG_x_Phosphate_div_Zinc,0.0
trip_Nitrogen_PEG_x_Potassium_PEG_div_Silica,0.0
trip_Nitrogen_PEG_div_Potassium_PEG_x_Silica,0.0
trip_Biofilm_PEG_x_Potassium_div_Potassium_PEG,0.0
trip_Nitrogen_PEG_div_Potassium_PEG_x_Manganese,0.0
trip_Nitrogen_PEG_x_Potassium_div_Silica,0.0
trip_Nitrogen_PEG_div_Potassium_x_Silica,0.0
trip_Nitrogen_PEG_x_Potassium_div_Manganese,0.0
trip_Nitrogen_PEG_div_Potassium_x_Manganese,0.0
trip_Biofilm_PEG_x_Potassium_div_Silica,0.0
trip_Nitrogen_PEG_div_Potassium_x_Calcium,0.0
trip_Nitrogen_PEG_x_Potassium_div_Polyamines,0.0
trip_Nitrogen_PEG_div_Potassium_x_Polyamines,0.0
trip_Phosphate_div_Potassium_PEG_x_Silica,0.0
trip_Phosphate_x_Potassium_PEG_div_Manganese,0.0
trip_Phosphate_div_Potassium_PEG_x_Manganese,0.0
trip_Biofilm_div_Auxins_x_Potassium_PEG,0.0
trip_Biofilm_x_Auxins_div_Glycine_Betaine,0.0
trip_Biofilm_div_Auxins_x_Glycine_Betaine,0.0
trip_Biofilm_PEG_x_Phosphate_div_Glycine_Betaine,0.0
trip_Biofilm_div_Auxins_x_Silica,0.0
trip_Biofilm_PEG_div_Phosphate_x_Glycine_Betaine,0.0
trip_Phosphate_x_Potassium_div_Manganese,0.0
trip_Phosphate_div_Potassium_x_Manganese,0.0
trip_Biofilm_PEG_x_Phosphate_div_Silica,0.0
trip_Phosphate_div_Potassium_x_Polyamines,0.0
trip_Phosphate_x_Potassium_div_Zinc,0.0
trip_Biofilm_PEG_div_Phosphate_x_Silica,0.0
trip_Phosphate_x_Potassium_PEG_div_Silica,0.0
trip_Biofilm_PEG_x_Phosphate_div_Manganese,0.0
trip_Nitrogen_PEG_div_Calcium_x_Polyamines,0.0
trip_Nitrogen_PEG_div_Calcium_x_Zinc,0.0
trip_Nitrogen_PEG_div_Polyamines_x_Zinc,0.0
trip_Biofilm_PEG_div_Phosphate_x_Manganese,0.0
trip_Phosphate_div_Potassium_x_Potassium_PEG,0.0
trip_Phosphate_div_Potassium_x_Glycine_Betaine,0.0
trip_Phosphate_x_Potassium_div_Silica,0.0
trip_Nitrogen_PEG_x_Silica_div_Zinc,0.0
trip_Nitrogen_PEG_div_Silica_x_Zinc,0.0
trip_Nitrogen_PEG_x_Manganese_div_Calcium,0.0
trip_Nitrogen_PEG_div_Manganese_x_Calcium,0.0
trip_Biofilm_PEG_x_Phosphate_div_Calcium,0.0
trip_Nitrogen_PEG_div_Manganese_x_Polyamines,0.0
trip_Auxins_PEG_x_Manganese_div_Calcium,0.0
trip_Nitrogen_PEG_div_Manganese_x_Zinc,0.0
trip_Biofilm_PEG_div_Antioxidants_x_Silica,0.0
trip_Phosphate_div_Glycine_Betaine_x_Polyamines,0.0
trip_Phosphate_div_Glycine_Betaine_x_Zinc,0.0
trip_Phosphate_x_Silica_div_Manganese,0.0
trip_Phosphate_div_Silica_x_Manganese,0.0
trip_Biofilm_PEG_div_Antioxidants_x_Manganese,0.0
trip_Biofilm_PEG_x_Nitrogen_PEG_div_Potassium_PEG,0.0
trip_Biofilm_PEG_div_Nitrogen_PEG_x_Potassium_PEG,0.0
trip_Biofilm_div_Auxins_PEG_x_Antioxidants_PEG,0.0
trip_Biofilm_PEG_div_Nitrogen_PEG_x_Silica,0.0
trip_Biofilm_div_Auxins_PEG_x_Nitrogen,0.0
trip_Auxins_PEG_x_Glycine_Betaine_div_Silica,0.0
trip_Phosphate_x_Potassium_PEG_div_Zinc,0.0
trip_Phosphate_div_Glycine_Betaine_x_Silica,0.0
trip_Phosphate_div_Glycine_Betaine_x_Manganese,0.0
trip_Biofilm_PEG_x_Nitrogen_div_Zinc,0.0
trip_Biofilm_x_Auxins_PEG_div_ACC_PEG,0.0
trip_Biofilm_div_Auxins_PEG_x_ACC_PEG,0.0
trip_Biofilm_x_Auxins_PEG_div_Trehalose,0.0
trip_Biofilm_PEG_x_Nitrogen_div_Potassium_PEG,0.0
trip_Biofilm_PEG_div_Nitrogen_x_Potassium_PEG,0.0
trip_Biofilm_PEG_x_Nitrogen_div_Glycine_Betaine,0.0
trip_Biofilm_x_Auxins_PEG_div_Proline_PEG,0.0
trip_Biofilm_PEG_x_Nitrogen_div_Silica,0.0
trip_Biofilm_x_Auxins_div_Manganese,0.0
trip_Biofilm_div_Auxins_x_Manganese,0.0
trip_Biofilm_x_Auxins_div_Calcium,0.0
trip_Biofilm_div_Auxins_x_Calcium,0.0
trip_Biofilm_PEG_div_Nitrogen_x_Silica,0.0
trip_Biofilm_div_Auxins_x_Polyamines,0.0
trip_Biofilm_div_Auxins_x_Zinc,0.0
trip_Biofilm_PEG_x_Nitrogen_div_Manganese,0.0
trip_Potassium_x_Glycine_Betaine_div_Polyamines,0.0
trip_Potassium_div_Glycine_Betaine_x_Polyamines,0.0
trip_Potassium_div_Glycine_Betaine_x_Zinc,0.0
trip_Biofilm_PEG_div_Nitrogen_x_Manganese,0.0
trip_ACC_div_ACC_PEG_x_Nitrogen,0.0
trip_ACC_div_ACC_PEG_x_Nitrogen_PEG,0.0
trip_Potassium_x_Silica_div_Polyamines,0.0
trip_Potassium_div_Silica_x_Polyamines,0.0
trip_Potassium_x_Potassium_PEG_div_Calcium,0.0
trip_Potassium_x_Potassium_PEG_div_Polyamines,0.0
trip_Potassium_div_Potassium_PEG_x_Polyamines,0.0
trip_ACC_div_ACC_PEG_x_Potassium,0.0
trip_Potassium_div_Potassium_PEG_x_Zinc,0.0
trip_ACC_div_ACC_PEG_x_Potassium_PEG,0.0
trip_Biofilm_PEG_x_Nitrogen_div_Nitrogen_PEG,0.0
trip_Potassium_div_Glycine_Betaine_x_Manganese,0.0
trip_Phosphate_x_Polyamines_div_Zinc,0.0
trip_Phosphate_div_Polyamines_x_Zinc,0.0
trip_Potassium_x_Potassium_PEG_div_Glycine_Betaine,0.0
trip_Potassium_div_Potassium_PEG_x_Glycine_Betaine,0.0
trip_ACC_x_ACC_PEG_div_Proline_PEG,0.0
trip_Potassium_div_Potassium_PEG_x_Silica,0.0
trip_Potassium_x_Potassium_PEG_div_Manganese,0.0
trip_Potassium_div_Potassium_PEG_x_Manganese,0.0
trip_ACC_x_ACC_PEG_div_Antioxidants,0.0
trip_Phosphate_x_Manganese_div_Calcium,0.0
trip_Phosphate_div_Manganese_x_Calcium,0.0
trip_Phosphate_x_Manganese_div_Polyamines,0.0
trip_Phosphate_div_Manganese_x_Polyamines,0.0
trip_Phosphate_div_Manganese_x_Zinc,0.0
trip_ACC_x_ACC_PEG_div_Antioxidants_PEG,0.0
trip_Phosphate_div_Calcium_x_Zinc,0.0
trip_Potassium_div_Manganese_x_Zinc,0.0
trip_Potassium_x_Calcium_div_Polyamines,0.0
trip_ACC_x_ACC_PEG_div_Nitrogen,0.0
trip_Potassium_x_Calcium_div_Zinc,0.0
trip_Potassium_div_Calcium_x_Zinc,0.0
trip_Potassium_x_Polyamines_div_Zinc,0.0
trip_Potassium_div_Polyamines_x_Zinc,0.0
trip_Biofilm_PEG_x_Antioxidants_PEG_div_Glycine_Betaine,0.0
trip_Biofilm_div_Auxins_x_Antioxidants_PEG,0.0
trip_Biofilm_x_Auxins_div_Nitrogen,0.0
trip_Biofilm_div_Auxins_x_Nitrogen,0.0
trip_Biofilm_div_Auxins_x_Nitrogen_PEG,0.0
trip_Biofilm_div_Auxins_x_Phosphate,0.0
trip_Biofilm_PEG_x_Antioxidants_PEG_div_Silica,0.0
trip_Potassium_x_Manganese_div_Polyamines,0.0
trip_Potassium_div_Manganese_x_Polyamines,0.0
trip_Biofilm_x_Auxins_div_ACC_PEG,0.0
trip_Biofilm_x_Auxins_div_Trehalose,0.0
trip_Biofilm_div_Auxins_x_Trehalose,0.0
trip_Biofilm_x_Auxins_div_Trehalose_PEG,0.0
trip_Biofilm_PEG_div_Antioxidants_PEG_x_Silica,0.0
trip_Biofilm_x_Auxins_div_Proline_PEG,0.0
trip_Biofilm_div_Auxins_x_Proline_PEG,0.0
trip_Biofilm_div_Auxins_x_Antioxidants,0.0
trip_Potassium_x_Silica_div_Zinc,0.0
trip_Biofilm_PEG_div_Antioxidants_PEG_x_Manganese,0.0
trip_Potassium_x_Manganese_div_Calcium,0.0
trip_Biofilm_div_Biofilm_PEG_x_Calcium,0.0
trip_Biofilm_x_Biofilm_PEG_div_Polyamines,0.0
trip_Biofilm_PEG_x_Antioxidants_PEG_div_Polyamines,0.0
trip_Biofilm_div_Biofilm_PEG_x_Zinc,0.0
trip_Potassium_PEG_div_Silica_x_Manganese,0.0
trip_Biofilm_div_Biofilm_PEG_x_Auxins_PEG,0.0
trip_Biofilm_PEG_x_Antioxidants_PEG_div_Zinc,0.0
trip_Biofilm_div_Biofilm_PEG_x_Auxins,0.0
trip_Manganese_div_Calcium_x_Zinc,0.0
trip_Biofilm_PEG_x_Antioxidants_PEG_div_Nitrogen,0.0
trip_Biofilm_x_Biofilm_PEG_div_Auxins,0.0
trip_Biofilm_PEG_div_Antioxidants_PEG_x_Nitrogen,0.0
trip_Glycine_Betaine_x_Silica_div_Polyamines,0.0
trip_Biofilm_PEG_x_Antioxidants_PEG_div_Nitrogen_PEG,0.0
trip_Biofilm_PEG_x_Antioxidants_PEG_div_Potassium,0.0
trip_Biofilm_PEG_div_Antioxidants_PEG_x_Potassium,0.0
trip_Biofilm_PEG_x_Antioxidants_PEG_div_Potassium_PEG,0.0
trip_Silica_x_Calcium_div_Zinc,0.0
trip_Silica_div_Calcium_x_Zinc,0.0
trip_Silica_x_Polyamines_div_Zinc,0.0
trip_Biofilm_x_Biofilm_PEG_div_ACC,0.0
trip_ACC_x_Trehalose_div_Potassium_PEG,0.0
trip_ACC_div_Trehalose_x_Potassium_PEG,0.0
trip_ACC_x_Trehalose_div_Glycine_Betaine,0.0
trip_Potassium_PEG_x_Silica_div_Zinc,0.0
trip_Potassium_PEG_div_Silica_x_Zinc,0.0
trip_ACC_x_Trehalose_div_Silica,0.0
trip_Potassium_PEG_div_Manganese_x_Calcium,0.0
trip_Silica_div_Manganese_x_Polyamines,0.0
trip_Potassium_PEG_div_Glycine_Betaine_x_Silica,0.0
trip_ACC_div_Trehalose_x_Silica,0.0
trip_Potassium_PEG_div_Glycine_Betaine_x_Manganese,0.0
trip_Potassium_PEG_x_Glycine_Betaine_div_Calcium,0.0
trip_Potassium_PEG_x_Glycine_Betaine_div_Polyamines,0.0
trip_Potassium_PEG_div_Glycine_Betaine_x_Polyamines,0.0
trip_Potassium_PEG_div_Glycine_Betaine_x_Zinc,0.0
trip_Biofilm_div_Biofilm_PEG_x_Nitrogen,0.0
